"","level","Overall","White","Black or African American","Other","p","test","Missing"
"n","","1876","1569","168","139","","",""
"age_admission (median [IQR])","","62.00 [54.00, 69.00]","62.00 [54.00, 69.00]","62.00 [54.75, 68.00]","61.00 [52.00, 67.00]","0.323","nonnorm","0.0"
"sex (%)","1","1161 (61.9)","977 (62.3)","107 (63.7)","77 (55.4)","0.245","","0.0"
"","2","715 (38.1)","592 (37.7)","61 (36.3)","62 (44.6)","","",""
"White (%)","0","307 (16.4)","0 (0.0)","168 (100.0)","139 (100.0)","<0.001","","0.0"
"","1","1569 (83.6)","1569 (100.0)","0 (0.0)","0 (0.0)","","",""
"race_cat_new (%)","White","1569 (83.6)","1569 (100.0)","0 (0.0)","0 (0.0)","<0.001","","0.0"
"","Black or African American","168 (9.0)","0 (0.0)","168 (100.0)","0 (0.0)","","",""
"","Other","139 (7.4)","0 (0.0)","0 (0.0)","139 (100.0)","","",""
"reason_for_admission (%)","1","902 (48.1)","751 (47.9)","69 (41.1)","82 (59.0)","0.001","","0.1"
"","2","176 (9.4)","160 (10.2)","10 (6.0)","6 (4.3)","","",""
"","3","797 (42.5)","657 (41.9)","89 (53.0)","51 (36.7)","","",""
"loop_diuretic (%)","0","673 (35.9)","555 (35.4)","70 (41.7)","48 (34.5)","0.259","","0.1"
"","1","1201 (64.1)","1012 (64.6)","98 (58.3)","91 (65.5)","","",""
"aldosterone_antagonist (%)","0","982 (52.4)","818 (52.2)","96 (57.1)","68 (48.9)","0.332","","0.2"
"","1","891 (47.6)","748 (47.8)","72 (42.9)","71 (51.1)","","",""
"lactulose (%)","0","1024 (54.6)","857 (54.6)","97 (57.7)","70 (50.4)","0.433","","0.0"
"","1","852 (45.4)","712 (45.4)","71 (42.3)","69 (49.6)","","",""
"rifaximin (%)","0","1316 (70.2)","1088 (69.4)","128 (76.6)","100 (71.9)","0.134","","0.1"
"","1","558 (29.8)","480 (30.6)","39 (23.4)","39 (28.1)","","",""
"prophylactic_antibiotic (%)","0","1668 (88.9)","1390 (88.6)","153 (91.1)","125 (89.9)","0.576","","0.0"
"","1","208 (11.1)","179 (11.4)","15 (8.9)","14 (10.1)","","",""
"nsaids (%)","0","1687 (90.0)","1415 (90.2)","144 (86.2)","128 (92.1)","0.181","","0.1"
"","1","187 (10.0)","153 (9.8)","23 (13.8)","11 (7.9)","","",""
"beta_blockers (%)","0","1122 (59.8)","935 (59.6)","95 (56.5)","92 (66.2)","0.209","","0.0"
"","1","754 (40.2)","634 (40.4)","73 (43.5)","47 (33.8)","","",""
"albumin_given_admission (%)","0","604 (32.2)","500 (31.9)","71 (42.3)","33 (23.7)","0.002","","0.2"
"","1","1269 (67.8)","1066 (68.1)","97 (57.7)","106 (76.3)","","",""
"albumin_amount_admission (median [IQR])","","125.00 [75.00, 175.00]","112.50 [62.50, 175.00]","125.00 [75.00, 151.50]","118.75 [75.00, 150.00]","0.893","nonnorm","42.3"
"albumin_given_prior (%)","0","550 (84.4)","451 (84.5)","48 (90.6)","51 (78.5)","0.196","","65.2"
"","1","102 (15.6)","83 (15.5)","5 (9.4)","14 (21.5)","","",""
"diabetes (%)","0","1109 (59.1)","939 (59.8)","92 (54.8)","78 (56.1)","0.336","","0.0"
"","1","767 (40.9)","630 (40.2)","76 (45.2)","61 (43.9)","","",""
"cad (%)","0","1511 (80.5)","1258 (80.2)","134 (79.8)","119 (85.6)","0.290","","0.0"
"","1","365 (19.5)","311 (19.8)","34 (20.2)","20 (14.4)","","",""
"ckd (%)","0","1315 (70.1)","1101 (70.2)","107 (63.7)","107 (77.0)","0.040","","0.0"
"","1","561 (29.9)","468 (29.8)","61 (36.3)","32 (23.0)","","",""
"htn (%)","0","793 (42.3)","670 (42.7)","50 (29.8)","73 (52.5)","<0.001","","0.0"
"","1","1083 (57.7)","899 (57.3)","118 (70.2)","66 (47.5)","","",""
"etiology_cirrhosis (%)","Alcohol","731 (39.0)","620 (39.5)","62 (36.9)","49 (35.3)","<0.001","","0.0"
"","HCV","213 (11.4)","151 (9.6)","49 (29.2)","13 (9.4)","","",""
"","Multifactorial","177 (9.4)","142 (9.1)","21 (12.5)","14 (10.1)","","",""
"","NASH","405 (21.6)","375 (23.9)","9 (5.4)","21 (15.1)","","",""
"","Other","350 (18.7)","281 (17.9)","27 (16.1)","42 (30.2)","","",""
"ascites_admission (%)","0","403 (21.5)","336 (21.4)","51 (30.4)","16 (11.5)","<0.001","","0.0"
"","1","1473 (78.5)","1233 (78.6)","117 (69.6)","123 (88.5)","","",""
"encephalopathy_admission (%)","0","770 (41.1)","654 (41.7)","67 (39.9)","49 (35.3)","0.316","","0.1"
"","1","1105 (58.9)","914 (58.3)","101 (60.1)","90 (64.7)","","",""
"gi_bleed_admission (%)","0","1220 (65.1)","1034 (65.9)","100 (59.5)","86 (61.9)","0.180","","0.1"
"","1","655 (34.9)","534 (34.1)","68 (40.5)","53 (38.1)","","",""
"peritonitis_admission (%)","0","1608 (85.8)","1346 (85.9)","148 (88.1)","114 (82.0)","0.305","","0.1"
"","1","266 (14.2)","221 (14.1)","20 (11.9)","25 (18.0)","","",""
"hcc_admission (%)","0","1656 (88.3)","1396 (89.0)","144 (85.7)","116 (83.5)","0.085","","0.0"
"","1","220 (11.7)","173 (11.0)","24 (14.3)","23 (16.5)","","",""
"tips_admission (%)","0","1720 (91.8)","1428 (91.1)","162 (96.4)","130 (93.5)","0.044","","0.1"
"","1","154 (8.2)","139 (8.9)","6 (3.6)","9 (6.5)","","",""
"lvp_admission (%)","0","1252 (66.8)","1048 (66.9)","117 (69.6)","87 (62.6)","0.420","","0.2"
"","1","621 (33.2)","518 (33.1)","51 (30.4)","52 (37.4)","","",""
"alcoholic_hepatitis_admission (%)","0","1607 (85.7)","1341 (85.5)","144 (85.7)","122 (87.8)","0.759","","0.0"
"","1","269 (14.3)","228 (14.5)","24 (14.3)","17 (12.2)","","",""
"na_admit (median [IQR])","","134.00 [130.00, 138.00]","134.00 [130.00, 138.00]","135.00 [132.00, 139.00]","134.00 [130.00, 138.00]","0.038","nonnorm","0.0"
"k_admit (median [IQR])","","4.40 [3.80, 5.00]","4.40 [3.80, 5.00]","4.30 [3.70, 5.03]","4.50 [4.00, 5.10]","0.092","nonnorm","0.4"
"cl_admit (median [IQR])","","100.00 [95.00, 105.00]","100.00 [94.00, 104.00]","101.00 [96.00, 106.00]","101.00 [96.00, 105.00]","0.007","nonnorm","0.0"
"co2_admit (median [IQR])","","21.00 [18.00, 24.00]","21.00 [18.00, 24.00]","20.00 [18.00, 24.00]","20.00 [17.50, 24.00]","0.156","nonnorm","0.1"
"bun_admit (median [IQR])","","38.00 [24.00, 56.00]","39.00 [25.00, 56.00]","36.50 [20.00, 53.25]","37.00 [21.50, 54.50]","0.151","nonnorm","0.0"
"creatinine_admission (median [IQR])","","1.94 [1.50, 2.79]","1.93 [1.49, 2.79]","2.00 [1.62, 2.92]","1.93 [1.40, 2.68]","0.188","nonnorm","0.0"
"urine_creatinine (median [IQR])","","107.56 [66.70, 156.00]","107.00 [66.00, 155.00]","129.70 [75.95, 181.50]","92.50 [63.25, 125.20]","0.006","nonnorm","37.5"
"ca_admit (median [IQR])","","8.70 [8.20, 9.20]","8.70 [8.20, 9.10]","8.80 [8.10, 9.30]","8.60 [8.10, 9.10]","0.347","nonnorm","0.3"
"mg_admit (median [IQR])","","2.00 [1.70, 2.30]","2.00 [1.70, 2.29]","1.90 [1.70, 2.20]","2.05 [1.72, 2.38]","0.163","nonnorm","24.9"
"phos_admit (median [IQR])","","3.90 [3.10, 4.90]","3.90 [3.20, 4.90]","3.70 [2.75, 4.75]","4.00 [3.10, 4.90]","0.212","nonnorm","32.8"
"peak_creatinine (median [IQR])","","2.52 [1.92, 3.63]","2.50 [1.91, 3.60]","2.86 [2.09, 4.02]","2.42 [1.88, 3.55]","0.038","nonnorm","0.5"
"alt_admit (median [IQR])","","31.00 [20.00, 53.00]","31.00 [20.00, 53.00]","30.50 [20.00, 59.25]","31.00 [22.50, 53.00]","0.706","nonnorm","0.0"
"alkphos_admit (median [IQR])","","134.00 [94.75, 197.00]","133.00 [94.00, 195.00]","139.00 [93.75, 204.50]","136.00 [100.00, 205.50]","0.808","nonnorm","0.0"
"tb_admit (median [IQR])","","2.60 [1.10, 6.90]","2.50 [1.10, 6.80]","2.35 [1.10, 6.43]","3.10 [1.60, 8.40]","0.112","nonnorm","0.0"
"alb_admit (median [IQR])","","2.90 [2.50, 3.40]","2.90 [2.50, 3.40]","2.80 [2.30, 3.40]","2.90 [2.50, 3.55]","0.203","nonnorm","0.0"
"nh3_admit (median [IQR])","","60.00 [37.00, 96.00]","59.00 [37.00, 94.00]","60.00 [42.00, 107.00]","63.00 [33.00, 111.25]","0.359","nonnorm","49.5"
"inr_admit (median [IQR])","","1.60 [1.30, 2.10]","1.60 [1.30, 2.10]","1.60 [1.20, 2.10]","1.61 [1.30, 2.10]","0.441","nonnorm","0.0"
"wbc_admit (median [IQR])","","8.50 [5.98, 12.81]","8.70 [6.01, 12.98]","7.90 [5.68, 11.80]","7.57 [5.17, 11.91]","0.011","nonnorm","0.0"
"hct_admit (median [IQR])","","29.50 [25.00, 34.90]","29.60 [25.10, 34.90]","29.00 [24.17, 35.73]","29.30 [24.00, 33.40]","0.254","nonnorm","0.0"
"plt_admit (median [IQR])","","113.00 [73.00, 171.00]","113.00 [73.00, 172.00]","124.50 [76.00, 186.25]","92.00 [66.50, 152.00]","0.015","nonnorm","0.1"
"urine_sodium (median [IQR])","","20.00 [16.00, 44.00]","20.00 [15.00, 43.00]","26.00 [20.00, 48.50]","22.00 [20.00, 41.50]","0.023","nonnorm","36.0"
"fena (median [IQR])","","0.35 [0.16, 1.00]","0.35 [0.16, 0.99]","0.37 [0.16, 1.25]","0.37 [0.20, 0.84]","0.785","nonnorm","43.9"
"he_grade_admission (%)","1","1074 (58.8)","912 (59.8)","83 (50.9)","79 (56.8)","0.263","","2.6"
"","2","290 (15.9)","240 (15.7)","30 (18.4)","20 (14.4)","","",""
"","3","228 (12.5)","189 (12.4)","21 (12.9)","18 (12.9)","","",""
"","4","179 (9.8)","143 (9.4)","22 (13.5)","14 (10.1)","","",""
"","5","57 (3.1)","42 (2.8)","7 (4.3)","8 (5.8)","","",""
"sbp_admission (median [IQR])","","99.00 [88.00, 111.00]","98.00 [87.00, 111.00]","102.00 [90.00, 118.00]","97.00 [86.50, 108.50]","0.019","nonnorm","0.0"
"dbp_admission (median [IQR])","","53.00 [46.00, 61.00]","53.00 [46.00, 60.00]","58.00 [50.75, 67.25]","52.00 [47.00, 59.00]","<0.001","nonnorm","0.0"
"rrt (%)","0","1542 (82.3)","1311 (83.7)","137 (81.5)","94 (67.6)","<0.001","","0.2"
"","1","331 (17.7)","255 (16.3)","31 (18.5)","45 (32.4)","","",""
"rrt_hemodialysis (%)","0","310 (67.1)","254 (67.9)","33 (76.7)","23 (51.1)","0.028","","75.4"
"","1","152 (32.9)","120 (32.1)","10 (23.3)","22 (48.9)","","",""
"initial_rrt (%)","1","97 (29.5)","83 (32.5)","7 (23.3)","7 (15.9)","0.061","","82.5"
"","2","232 (70.5)","172 (67.5)","23 (76.7)","37 (84.1)","","",""
"icu_admission (%)","0","1019 (54.4)","852 (54.4)","99 (58.9)","68 (48.9)","0.215","","0.1"
"","1","855 (45.6)","715 (45.6)","69 (41.1)","71 (51.1)","","",""
"hrs_vasoconstrictor (%)","0","1153 (61.5)","958 (61.1)","117 (69.6)","78 (56.1)","0.039","","0.1"
"","1","721 (38.5)","609 (38.9)","51 (30.4)","61 (43.9)","","",""
"pressor (%)","0","1328 (70.8)","1117 (71.2)","120 (71.4)","91 (65.5)","0.352","","0.1"
"","1","547 (29.2)","451 (28.8)","48 (28.6)","48 (34.5)","","",""
"intubated (%)","0","1387 (74.0)","1157 (73.8)","127 (75.6)","103 (74.6)","0.866","","0.1"
"","1","487 (26.0)","411 (26.2)","41 (24.4)","35 (25.4)","","",""
