"","Overall","NHW","B","HW","NWNB","p","test","Missing"
"n","1876","1476","168","93","139","","",""
"age_admission (median [IQR])","62.00 [54.00, 69.00]","62.00 [54.00, 70.00]","62.00 [54.75, 68.00]","60.00 [52.00, 66.00]","61.00 [52.00, 67.00]","0.059","nonnorm","0.0"
"sex = 2 (%)","715 (38.1)","565 (38.3)","61 (36.3)","27 (29.0)","62 (44.6)","0.112","","0.0"
"White = 1 (%)","1569 (83.6)","1476 (100.0)","0 (0.0)","93 (100.0)","0 (0.0)","<0.001","","0.0"
"race_cat_new (%)","","","","","","<0.001","","0.0"
"   White","1569 (83.6)","1476 (100.0)","0 (0.0)","93 (100.0)","0 (0.0)","","",""
"   Black or African American","168 (9.0)","0 (0.0)","168 (100.0)","0 (0.0)","0 (0.0)","","",""
"   Other","139 (7.4)","0 (0.0)","0 (0.0)","0 (0.0)","139 (100.0)","","",""
"reason_for_admission (%)","","","","","","<0.001","","0.1"
"   1","902 (48.1)","694 (47.1)","69 (41.1)","57 (61.3)","82 (59.0)","","",""
"   2","176 (9.4)","150 (10.2)","10 (6.0)","10 (10.8)","6 (4.3)","","",""
"   3","797 (42.5)","631 (42.8)","89 (53.0)","26 (28.0)","51 (36.7)","","",""
"loop_diuretic = 1 (%)","1201 (64.1)","953 (64.7)","98 (58.3)","59 (63.4)","91 (65.5)","0.431","","0.1"
"aldosterone_antagonist = 1 (%)","891 (47.6)","710 (48.2)","72 (42.9)","38 (40.9)","71 (51.1)","0.251","","0.2"
"lactulose = 1 (%)","852 (45.4)","662 (44.9)","71 (42.3)","50 (53.8)","69 (49.6)","0.214","","0.0"
"rifaximin = 1 (%)","558 (29.8)","450 (30.5)","39 (23.4)","30 (32.3)","39 (28.1)","0.246","","0.1"
"prophylactic_antibiotic = 1 (%)","208 (11.1)","164 (11.1)","15 (8.9)","15 (16.1)","14 (10.1)","0.342","","0.0"
"nsaids = 1 (%)","187 (10.0)","142 (9.6)","23 (13.8)","11 (11.8)","11 (7.9)","0.273","","0.1"
"beta_blockers = 1 (%)","754 (40.2)","601 (40.7)","73 (43.5)","33 (35.5)","47 (33.8)","0.248","","0.0"
"albumin_given_admission = 1 (%)","1269 (67.8)","1012 (68.7)","97 (57.7)","54 (58.1)","106 (76.3)","0.001","","0.2"
"albumin_amount_admission (median [IQR])","125.00 [75.00, 175.00]","113.40 [62.50, 175.00]","125.00 [75.00, 151.50]","100.00 [75.00, 175.00]","118.75 [75.00, 150.00]","0.926","nonnorm","42.3"
"albumin_given_prior = 1 (%)","102 (15.6)","79 (15.5)","5 (9.4)","4 (16.7)","14 (21.5)","0.349","","65.2"
"diabetes = 1 (%)","767 (40.9)","587 (39.8)","76 (45.2)","43 (46.2)","61 (43.9)","0.296","","0.0"
"cad = 1 (%)","365 (19.5)","295 (20.0)","34 (20.2)","16 (17.2)","20 (14.4)","0.406","","0.0"
"ckd = 1 (%)","561 (29.9)","448 (30.4)","61 (36.3)","20 (21.5)","32 (23.0)","0.021","","0.0"
"htn = 1 (%)","1083 (57.7)","845 (57.2)","118 (70.2)","54 (58.1)","66 (47.5)","0.001","","0.0"
"etiology_cirrhosis (%)","","","","","","<0.001","","0.0"
"   Alcohol","731 (39.0)","583 (39.5)","62 (36.9)","37 (39.8)","49 (35.3)","","",""
"   HCV","213 (11.4)","141 (9.6)","49 (29.2)","10 (10.8)","13 (9.4)","","",""
"   Multifactorial","177 (9.4)","133 (9.0)","21 (12.5)","9 (9.7)","14 (10.1)","","",""
"   NASH","405 (21.6)","358 (24.3)","9 (5.4)","17 (18.3)","21 (15.1)","","",""
"   Other","350 (18.7)","261 (17.7)","27 (16.1)","20 (21.5)","42 (30.2)","","",""
"ascites_admission = 1 (%)","1473 (78.5)","1167 (79.1)","117 (69.6)","66 (71.0)","123 (88.5)","<0.001","","0.0"
"encephalopathy_admission = 1 (%)","1105 (58.9)","855 (58.0)","101 (60.1)","59 (63.4)","90 (64.7)","0.335","","0.1"
"gi_bleed_admission = 1 (%)","655 (34.9)","504 (34.2)","68 (40.5)","30 (32.3)","53 (38.1)","0.312","","0.1"
"peritonitis_admission = 1 (%)","266 (14.2)","205 (13.9)","20 (11.9)","16 (17.2)","25 (18.0)","0.368","","0.1"
"hcc_admission = 1 (%)","220 (11.7)","162 (11.0)","24 (14.3)","11 (11.8)","23 (16.5)","0.173","","0.0"
"tips_admission = 1 (%)","154 (8.2)","137 (9.3)","6 (3.6)","2 (2.2)","9 (6.5)","0.007","","0.1"
"lvp_admission = 1 (%)","621 (33.2)","491 (33.3)","51 (30.4)","27 (29.3)","52 (37.4)","0.504","","0.2"
"alcoholic_hepatitis_admission = 1 (%)","269 (14.3)","214 (14.5)","24 (14.3)","14 (15.1)","17 (12.2)","0.903","","0.0"
"na_admit (median [IQR])","134.00 [130.00, 138.00]","134.00 [130.00, 138.00]","135.00 [132.00, 139.00]","135.00 [129.00, 138.00]","134.00 [130.00, 138.00]","0.071","nonnorm","0.0"
"k_admit (median [IQR])","4.40 [3.80, 5.00]","4.40 [3.80, 5.00]","4.30 [3.70, 5.03]","4.40 [3.70, 5.00]","4.50 [4.00, 5.10]","0.176","nonnorm","0.4"
"cl_admit (median [IQR])","100.00 [95.00, 105.00]","99.00 [94.00, 104.00]","101.00 [96.00, 106.00]","102.00 [96.00, 107.00]","101.00 [96.00, 105.00]","0.001","nonnorm","0.0"
"co2_admit (median [IQR])","21.00 [18.00, 24.00]","21.00 [18.00, 24.00]","20.00 [18.00, 24.00]","21.00 [17.00, 23.00]","20.00 [17.50, 24.00]","0.189","nonnorm","0.1"
"bun_admit (median [IQR])","38.00 [24.00, 56.00]","39.00 [25.00, 56.00]","36.50 [20.00, 53.25]","39.00 [23.00, 63.00]","37.00 [21.50, 54.50]","0.280","nonnorm","0.0"
"creatinine_admission (median [IQR])","1.94 [1.50, 2.79]","1.92 [1.49, 2.78]","2.00 [1.62, 2.92]","2.18 [1.49, 2.79]","1.93 [1.40, 2.68]","0.310","nonnorm","0.0"
"urine_creatinine (median [IQR])","107.56 [66.70, 156.00]","107.28 [66.94, 156.00]","129.70 [75.95, 181.50]","89.00 [57.00, 146.90]","92.50 [63.25, 125.20]","0.008","nonnorm","37.5"
"ca_admit (median [IQR])","8.70 [8.20, 9.20]","8.70 [8.20, 9.10]","8.80 [8.10, 9.30]","8.80 [8.30, 9.40]","8.60 [8.10, 9.10]","0.136","nonnorm","0.3"
"mg_admit (median [IQR])","2.00 [1.70, 2.30]","2.00 [1.70, 2.20]","1.90 [1.70, 2.20]","2.10 [1.70, 2.30]","2.05 [1.72, 2.38]","0.202","nonnorm","24.9"
"phos_admit (median [IQR])","3.90 [3.10, 4.90]","3.90 [3.20, 4.90]","3.70 [2.75, 4.75]","3.90 [3.25, 4.75]","4.00 [3.10, 4.90]","0.363","nonnorm","32.8"
"peak_creatinine (median [IQR])","2.52 [1.92, 3.63]","2.49 [1.90, 3.62]","2.86 [2.09, 4.02]","2.58 [2.06, 3.49]","2.42 [1.88, 3.55]","0.080","nonnorm","0.5"
"alt_admit (median [IQR])","31.00 [20.00, 53.00]","30.00 [19.00, 53.00]","30.50 [20.00, 59.25]","31.00 [22.00, 52.00]","31.00 [22.50, 53.00]","0.860","nonnorm","0.0"
"alkphos_admit (median [IQR])","134.00 [94.75, 197.00]","132.00 [93.75, 193.25]","139.00 [93.75, 204.50]","157.00 [102.00, 232.00]","136.00 [100.00, 205.50]","0.117","nonnorm","0.0"
"tb_admit (median [IQR])","2.60 [1.10, 6.90]","2.60 [1.10, 6.70]","2.35 [1.10, 6.43]","1.80 [1.00, 7.30]","3.10 [1.60, 8.40]","0.147","nonnorm","0.0"
"alb_admit (median [IQR])","2.90 [2.50, 3.40]","2.90 [2.50, 3.40]","2.80 [2.30, 3.40]","3.00 [2.50, 3.50]","2.90 [2.50, 3.55]","0.239","nonnorm","0.0"
"nh3_admit (median [IQR])","60.00 [37.00, 96.00]","59.00 [36.00, 93.00]","60.00 [42.00, 107.00]","73.00 [46.00, 114.00]","63.00 [33.00, 111.25]","0.108","nonnorm","49.5"
"inr_admit (median [IQR])","1.60 [1.30, 2.10]","1.60 [1.30, 2.10]","1.60 [1.20, 2.10]","1.50 [1.20, 1.93]","1.61 [1.30, 2.10]","0.180","nonnorm","0.0"
"wbc_admit (median [IQR])","8.50 [5.98, 12.81]","8.80 [6.01, 13.07]","7.90 [5.68, 11.80]","8.30 [6.10, 10.80]","7.57 [5.17, 11.91]","0.010","nonnorm","0.0"
"hct_admit (median [IQR])","29.50 [25.00, 34.90]","29.50 [25.10, 34.82]","29.00 [24.17, 35.73]","31.50 [25.20, 35.40]","29.30 [24.00, 33.40]","0.261","nonnorm","0.0"
"plt_admit (median [IQR])","113.00 [73.00, 171.00]","113.00 [73.00, 172.00]","124.50 [76.00, 186.25]","117.00 [69.00, 176.00]","92.00 [66.50, 152.00]","0.037","nonnorm","0.1"
"urine_sodium (median [IQR])","20.00 [16.00, 44.00]","20.00 [15.00, 42.50]","26.00 [20.00, 48.50]","22.00 [14.00, 56.00]","22.00 [20.00, 41.50]","0.045","nonnorm","36.0"
"fena (median [IQR])","0.35 [0.16, 1.00]","0.35 [0.16, 0.98]","0.37 [0.16, 1.25]","0.34 [0.13, 1.27]","0.37 [0.20, 0.84]","0.922","nonnorm","43.9"
"he_grade_admission (%)","","","","","","0.429","","2.6"
"   1","1074 (58.8)","856 (59.7)","83 (50.9)","56 (61.5)","79 (56.8)","","",""
"   2","290 (15.9)","223 (15.5)","30 (18.4)","17 (18.7)","20 (14.4)","","",""
"   3","228 (12.5)","178 (12.4)","21 (12.9)","11 (12.1)","18 (12.9)","","",""
"   4","179 (9.8)","138 (9.6)","22 (13.5)","5 (5.5)","14 (10.1)","","",""
"   5","57 (3.1)","40 (2.8)","7 (4.3)","2 (2.2)","8 (5.8)","","",""
"sbp_admission (median [IQR])","99.00 [88.00, 111.00]","98.00 [87.00, 111.00]","102.00 [90.00, 118.00]","100.00 [88.00, 116.00]","97.00 [86.50, 108.50]","0.022","nonnorm","0.0"
"dbp_admission (median [IQR])","53.00 [46.00, 61.00]","53.00 [46.00, 60.00]","58.00 [50.75, 67.25]","54.00 [44.00, 64.00]","52.00 [47.00, 59.00]","<0.001","nonnorm","0.0"
"rrt = 1 (%)","331 (17.7)","236 (16.0)","31 (18.5)","19 (20.4)","45 (32.4)","<0.001","","0.2"
"rrt_hemodialysis = 1 (%)","152 (32.9)","109 (30.8)","10 (23.3)","11 (55.0)","22 (48.9)","0.007","","75.4"
"initial_rrt = 2 (%)","232 (70.5)","159 (67.4)","23 (76.7)","13 (68.4)","37 (84.1)","0.132","","82.5"
"icu_admission = 1 (%)","855 (45.6)","673 (45.7)","69 (41.1)","42 (45.2)","71 (51.1)","0.380","","0.1"
"hrs_vasoconstrictor = 1 (%)","721 (38.5)","569 (38.6)","51 (30.4)","40 (43.0)","61 (43.9)","0.065","","0.1"
"pressor = 1 (%)","547 (29.2)","428 (29.0)","48 (28.6)","23 (24.7)","48 (34.5)","0.413","","0.1"
"intubated = 1 (%)","487 (26.0)","391 (26.5)","41 (24.4)","20 (21.5)","35 (25.4)","0.699","","0.1"
"race_cat_4 (%)","","","","","","<0.001","","0.0"
"   NHW","1476 (78.7)","1476 (100.0)","0 (0.0)","0 (0.0)","0 (0.0)","","",""
"   B","168 (9.0)","0 (0.0)","168 (100.0)","0 (0.0)","0 (0.0)","","",""
"   HW","93 (5.0)","0 (0.0)","0 (0.0)","93 (100.0)","0 (0.0)","","",""
"   NWNB","139 (7.4)","0 (0.0)","0 (0.0)","0 (0.0)","139 (100.0)","","",""
