,Overall,Black or African American,Other,White,p,test,Missing
n,2063,176,211,1676,,,
age_admission (median [IQR]),"62.00 [54.00, 69.00]","62.00 [55.00, 68.00]","59.00 [50.00, 66.50]","62.00 [54.00, 69.00]",0.01,nonnorm,0
sex = 2 (%),790 (38.3),65 (36.9),86 (40.8),639 (38.1),0.706,,0
White = 1 (%),1676 (81.2),0 (0.0),0 (0.0),1676 (100.0),<0.001,,0
hispanic_race = 1 (%),178 (8.6),5 (2.8),79 (37.4),94 (5.6),<0.001,,0
reason_for_admission (%),,,,,0.015,,0
1,970 (47.0),72 (40.9),115 (54.5),783 (46.7),,,
2,193 (9.4),11 (6.2),15 (7.1),167 (10.0),,,
3,899 (43.6),93 (52.8),81 (38.4),725 (43.3),,,
loop_diuretic = 1 (%),1295 (62.8),101 (57.4),124 (58.8),1070 (63.9),0.102,,0.1
aldosterone_antagonist = 1 (%),951 (46.2),74 (42.0),96 (45.5),781 (46.7),0.492,,0.1
lactulose = 1 (%),919 (44.6),74 (42.0),92 (43.6),753 (45.0),0.728,,0
rifaximin = 1 (%),602 (29.2),40 (22.9),55 (26.1),507 (30.3),0.07,,0.1
prophylactic_antibiotic = 1 (%),227 (11.0),15 (8.5),22 (10.4),190 (11.3),0.505,,0
nsaids = 1 (%),203 (9.9),25 (14.3),13 (6.2),165 (9.9),0.029,,0.1
beta_blockers = 1 (%),831 (40.3),76 (43.2),74 (35.1),681 (40.6),0.214,,0
albumin_given_admission = 1 (%),1370 (66.5),102 (58.0),156 (73.9),1112 (66.5),0.004,,0.2
albumin_amount_admission (median [IQR]),"122.40 [75.00, 175.00]","125.00 [75.00, 151.50]","110.00 [75.00, 150.00]","122.25 [62.50, 175.00]",0.918,nonnorm,43.3
albumin_given_prior = 1 (%),114 (15.4),5 (9.1),23 (23.2),86 (14.7),0.037,,64.1
diabetes = 1 (%),844 (41.0),79 (45.1),82 (39.0),683 (40.8),0.448,,0.1
cad = 1 (%),409 (19.8),35 (19.9),34 (16.1),340 (20.3),0.356,,0
ckd = 1 (%),623 (30.3),62 (35.2),46 (21.9),515 (30.8),0.01,,0.3
htn = 1 (%),1190 (57.7),123 (69.9),97 (46.0),970 (57.9),<0.001,,0
etiology_cirrhosis (%),,,,,<0.001,,0
   Alcohol,803 (38.9),65 (36.9),80 (37.9),658 (39.3),,,
   HCV,233 (11.3),51 (29.0),21 (10.0),161 (9.6),,,
   Multifactorial,191 (9.3),21 (11.9),22 (10.4),148 (8.8),,,
   NASH,444 (21.5),10 (5.7),28 (13.3),406 (24.2),,,
   Other,392 (19.0),29 (16.5),60 (28.4),303 (18.1),,,
ascites_admission = 1 (%),1607 (77.9),122 (69.3),183 (87.1),1302 (77.7),<0.001,,0
encephalopathy_admission = 1 (%),1212 (58.8),105 (59.7),141 (66.8),966 (57.7),0.039,,0.1
gi_bleed_admission = 1 (%),712 (34.5),72 (40.9),78 (37.0),562 (33.6),0.111,,0.1
peritonitis_admission = 1 (%),289 (14.0),21 (11.9),35 (16.6),233 (13.9),0.407,,0.2
hcc_admission = 1 (%),236 (11.4),26 (14.8),30 (14.2),180 (10.7),0.115,,0
tips_admission = 1 (%),163 (7.9),6 (3.4),12 (5.7),145 (8.7),0.022,,0.1
lvp_admission = 1 (%),667 (32.4),54 (30.7),69 (32.7),544 (32.5),0.878,,0.2
alcoholic_hepatitis_admission = 1 (%),303 (14.7),24 (13.6),38 (18.0),241 (14.4),0.344,,0
na_admit (median [IQR]),"134.00 [130.00, 138.00]","135.00 [132.00, 139.00]","134.00 [130.00, 138.00]","134.00 [130.00, 138.00]",0.033,nonnorm,0
k_admit (median [IQR]),"4.40 [3.80, 5.00]","4.30 [3.70, 5.10]","4.35 [3.80, 5.00]","4.40 [3.80, 5.00]",0.478,nonnorm,0.4
cl_admit (median [IQR]),"100.00 [95.00, 105.00]","101.00 [96.00, 106.00]","100.00 [96.00, 105.00]","100.00 [94.00, 105.00]",0.01,nonnorm,0
co2_admit (median [IQR]),"21.00 [18.00, 24.00]","20.00 [18.00, 23.00]","20.00 [17.00, 24.00]","21.00 [18.00, 24.00]",0.062,nonnorm,0
bun_admit (median [IQR]),"38.00 [24.00, 56.00]","36.00 [20.00, 53.25]","36.00 [23.00, 54.00]","39.00 [25.00, 56.00]",0.047,nonnorm,0
creatinine_admission (median [IQR]),"1.94 [1.50, 2.80]","2.00 [1.62, 2.92]","1.93 [1.44, 2.83]","1.94 [1.50, 2.79]",0.252,nonnorm,0
urine_creatinine (median [IQR]),"108.00 [69.00, 156.00]","130.40 [77.70, 186.00]","103.00 [75.00, 146.00]","107.00 [67.00, 154.80]",0.015,nonnorm,37.3
ca_admit (median [IQR]),"8.70 [8.20, 9.20]","8.80 [8.10, 9.30]","8.60 [8.10, 9.00]","8.70 [8.20, 9.10]",0.087,nonnorm,0.3
mg_admit (median [IQR]),"2.00 [1.70, 2.30]","1.90 [1.70, 2.20]","2.00 [1.70, 2.30]","2.00 [1.70, 2.30]",0.388,nonnorm,24.3
phos_admit (median [IQR]),"3.90 [3.10, 4.80]","3.80 [2.90, 4.80]","3.80 [3.00, 4.80]","3.90 [3.20, 4.80]",0.33,nonnorm,32.4
peak_creatinine (median [IQR]),"2.55 [1.93, 3.66]","2.85 [2.10, 4.02]","2.51 [1.93, 3.78]","2.52 [1.92, 3.57]",0.033,nonnorm,0.5
alt_admit (median [IQR]),"31.00 [20.00, 54.00]","31.00 [20.00, 60.25]","33.00 [22.00, 69.00]","31.00 [19.50, 53.00]",0.036,nonnorm,1
alkphos_admit (median [IQR]),"133.00 [94.00, 196.75]","132.50 [92.75, 201.00]","134.00 [99.00, 208.00]","133.00 [94.00, 194.00]",0.822,nonnorm,1
tb_admit (median [IQR]),"2.60 [1.10, 7.00]","2.25 [1.10, 6.10]","3.45 [1.70, 10.12]","2.50 [1.10, 6.70]",0.001,nonnorm,1.5
alb_admit (median [IQR]),"2.90 [2.50, 3.40]","2.80 [2.30, 3.40]","2.80 [2.40, 3.50]","2.90 [2.50, 3.40]",0.339,nonnorm,1.1
nh3_admit (median [IQR]),"59.00 [37.00, 95.00]","58.00 [41.00, 107.00]","62.00 [35.00, 106.00]","59.00 [37.00, 93.75]",0.419,nonnorm,50.2
inr_admit (median [IQR]),"1.60 [1.30, 2.10]","1.60 [1.20, 2.10]","1.65 [1.30, 2.24]","1.60 [1.30, 2.10]",0.242,nonnorm,2
wbc_admit (median [IQR]),"8.60 [6.00, 12.90]","7.90 [5.68, 11.64]","8.10 [5.40, 12.72]","8.78 [6.09, 13.02]",0.047,nonnorm,0
hct_admit (median [IQR]),"29.60 [25.00, 34.85]","29.00 [24.17, 35.82]","29.10 [23.75, 33.20]","29.80 [25.20, 34.90]",0.055,nonnorm,0
plt_admit (median [IQR]),"114.00 [73.00, 172.00]","125.50 [76.00, 180.75]","102.00 [66.50, 156.50]","114.00 [74.00, 173.00]",0.045,nonnorm,0
urine_sodium (median [IQR]),"20.00 [16.00, 43.25]","26.00 [20.00, 49.50]","20.00 [20.00, 39.00]","20.00 [15.00, 43.50]",0.035,nonnorm,36.4
fena (median [IQR]),"0.35 [0.16, 0.98]","0.37 [0.16, 1.17]","0.34 [0.18, 0.65]","0.35 [0.16, 0.98]",0.724,nonnorm,44.3
he_grade_admission (%),,,,,0.012,,2.8
1,1192 (59.4),89 (52.0),112 (53.3),991 (61.0),,,
2,304 (15.2),31 (18.1),28 (13.3),245 (15.1),,,
3,246 (12.3),21 (12.3),29 (13.8),196 (12.1),,,
4,198 (9.9),23 (13.5),27 (12.9),148 (9.1),,,
5,66 (3.3),7 (4.1),14 (6.7),45 (2.8),,,
sbp_admission (median [IQR]),"99.00 [88.00, 111.00]","102.00 [90.00, 118.00]","98.00 [87.00, 109.00]","98.00 [87.00, 111.00]",0.015,nonnorm,0
dbp_admission (median [IQR]),"53.00 [47.00, 61.00]","57.50 [50.75, 67.25]","53.00 [47.00, 59.00]","53.00 [46.00, 60.00]",<0.001,nonnorm,0
rrt = 1 (%),374 (18.2),32 (18.2),71 (33.6),271 (16.2),<0.001,,0.2
rrt_hemodialysis = 1 (%),170 (31.8),10 (22.7),33 (45.2),127 (30.4),0.017,,74.1
initial_rrt = 2 (%),264 (71.0),24 (77.4),57 (81.4),183 (67.5),0.052,,82
icu_admission = 1 (%),963 (46.7),75 (42.6),115 (54.5),773 (46.2),0.038,,0.1
hrs_vasoconstrictor = 1 (%),788 (38.2),54 (30.7),100 (47.4),634 (37.9),0.003,,0.1
pressor = 1 (%),614 (29.8),51 (29.0),77 (36.5),486 (29.0),0.08,,0.1
intubated = 1 (%),551 (26.7),45 (25.6),63 (30.0),443 (26.4),0.513,,0.1
respiratory_failure (%),,,,,0.022,,0.7
1,454 (22.2),38 (21.6),56 (26.5),360 (21.7),,,
2,81 (4.0),9 (5.1),5 (2.4),67 (4.0),,,
3,293 (14.3),22 (12.5),29 (13.7),242 (14.6),,,
4,321 (15.7),43 (24.4),25 (11.8),253 (15.2),,,
5,899 (43.9),64 (36.4),96 (45.5),739 (44.5),,,
liver_transplant_listed = 1 (%),317 (15.4),15 (8.5),41 (19.4),261 (15.6),0.011,,0.1
liver_transplant = 1 (%),167 (26.6),7 (13.7),25 (32.9),135 (27.0),0.052,,69.6
kidney_transplant = 1 (%),27 (1.3),4 (2.3),5 (2.4),18 (1.1),0.087,exact,0
palliative_care = 1 (%),447 (21.7),41 (23.4),37 (17.6),369 (22.0),0.291,,0.1
discharge_disposition (%),,,,,0.014,,0.3
1,389 (18.9),40 (22.9),56 (26.5),293 (17.5),,,
2,1067 (51.9),85 (48.6),107 (50.7),875 (52.4),,,
3,344 (16.7),25 (14.3),32 (15.2),287 (17.2),,,
4,257 (12.5),25 (14.3),16 (7.6),216 (12.9),,,
code_status (%),,,,,0.555,,0.3
1,1309 (63.7),111 (63.1),126 (59.7),1072 (64.2),,,
2,428 (20.8),35 (19.9),53 (25.1),340 (20.4),,,
3,319 (15.5),30 (17.0),32 (15.2),257 (15.4),,,
Akin (%),,,,,0.005,,0.8
1,700 (34.2),55 (31.2),56 (27.2),589 (35.4),,,
2,471 (23.0),39 (22.2),38 (18.4),394 (23.7),,,
3,875 (42.8),82 (46.6),112 (54.4),681 (40.9),,,
final_type_of_aki (%),,,,,0.056,,0
1,914 (44.3),75 (42.6),78 (37.0),761 (45.4),,,
2,249 (12.1),15 (8.5),22 (10.4),212 (12.6),,,
3,628 (30.4),61 (34.7),73 (34.6),494 (29.5),,,
4,123 (6.0),13 (7.4),14 (6.6),96 (5.7),,,
5,149 (7.2),12 (6.8),24 (11.4),113 (6.7),,,
MELD_baseline (median [IQR]),"22.00 [16.75, 29.00]","22.00 [17.00, 28.00]","23.00 [18.00, 31.00]","22.00 [16.00, 29.00]",0.132,nonnorm,3.1
MELD_Na_baseline (median [IQR]),"26.00 [19.00, 31.00]","25.00 [20.00, 30.00]","27.00 [20.00, 33.00]","25.00 [19.00, 31.00]",0.131,nonnorm,3.1
site (%),,,,,<0.001,,0
   baylor,220 (10.7),28 (15.9),19 (9.0),173 (10.3),,,
   indiana,223 (10.8),10 (5.7),13 (6.2),200 (11.9),,,
   jacksonville,112 (5.4),8 (4.5),6 (2.8),98 (5.8),,,
   kentukey,195 (9.5),13 (7.4),4 (1.9),178 (10.6),,,
   MCW,126 (6.1),25 (14.2),18 (8.5),83 (5.0),,,
   mgh,385 (18.7),32 (18.2),43 (20.4),310 (18.5),,,
   michigan,163 (7.9),12 (6.8),6 (2.8),145 (8.7),,,
   oschner,129 (6.3),21 (11.9),24 (11.4),84 (5.0),,,
   rochester,256 (12.4),2 (1.1),22 (10.4),232 (13.8),,,
   usc,65 (3.2),2 (1.1),35 (16.6),28 (1.7),,,
   yale,189 (9.2),23 (13.1),21 (10.0),145 (8.7),,,
AKI_responders (%),,,,,0.019,,0.8
   complete response,863 (42.2),68 (38.6),69 (33.5),726 (43.6),,,
   no response,883 (43.2),85 (48.3),108 (52.4),690 (41.5),,,
   partial response,300 (14.7),23 (13.1),29 (14.1),248 (14.9),,,
clif_score (median [IQR]),"9.00 [8.00, 11.00]","9.00 [8.00, 11.00]","10.00 [8.00, 12.00]","9.00 [8.00, 11.00]",0.017,nonnorm,0
MAP (median [IQR]),"69.00 [60.67, 77.00]","73.00 [66.17, 81.83]","68.67 [61.00, 75.50]","68.67 [60.33, 77.00]",<0.001,nonnorm,0
CLIF_C_Score (median [IQR]),"48.84 [42.41, 55.66]","47.35 [42.20, 55.00]","49.66 [41.47, 57.29]","48.94 [42.56, 55.36]",0.437,nonnorm,0
aclf_grade (%),,,,,0.229,,0
1,306 (14.8),33 (18.8),28 (13.3),245 (14.6),,,
2,617 (29.9),57 (32.4),56 (26.5),504 (30.1),,,
3,1140 (55.3),86 (48.9),127 (60.2),927 (55.3),,,
status_90days (median [IQR]),"0.00 [0.00, 1.00]","0.00 [0.00, 1.00]","0.00 [0.00, 1.00]","0.00 [0.00, 1.00]",0.049,nonnorm,0
time_90days (median [IQR]),"72.00 [16.00, 90.00]","81.00 [15.00, 90.00]","37.00 [10.50, 90.00]","76.00 [16.00, 90.00]",0.005,nonnorm,0
Encephalopathy = 1 (%),392 (19.0),37 (21.0),44 (20.9),311 (18.6),0.562,,0
Alcoholic_hepatitis = 1 (%),69 (3.3),6 (3.4),7 (3.3),56 (3.3),0.999,,0
HCC = 1 (%),34 (1.6),4 (2.3),7 (3.3),23 (1.4),0.078,exact,0
New_diagnosis_of_cirrhosis = 1 (%),41 (2.0),2 (1.1),8 (3.8),31 (1.8),0.129,exact,0
Transplant_evalutation = 1 (%),135 (6.5),8 (4.5),36 (17.1),91 (5.4),<0.001,,0
SBP = 1 (%),84 (4.1),6 (3.4),8 (3.8),70 (4.2),0.866,,0
aki_stage_4 (%),,,,,<0.001,,0.8
1,700 (34.2),55 (31.2),56 (27.2),589 (35.4),,,
2,471 (23.0),39 (22.2),38 (18.4),394 (23.7),,,
3,501 (24.5),50 (28.4),41 (19.9),410 (24.6),,,
4,374 (18.3),32 (18.2),71 (34.5),271 (16.3),,,
death_in_90days_status = 1 (%),752 (36.5),68 (38.6),79 (37.4),605 (36.1),0.762,,0
death_in_90days_time (median [IQR]),"90.00 [18.00, 90.00]","90.00 [15.00, 90.00]","65.00 [14.00, 90.00]","90.00 [19.00, 90.00]",0.109,nonnorm,0
death_in_30days_status = 1 (%),510 (24.7),51 (29.0),57 (27.0),402 (24.0),0.247,,0
death_in_30days_time (median [IQR]),"30.00 [18.00, 30.00]","30.00 [15.00, 30.00]","30.00 [14.00, 30.00]","30.00 [19.00, 30.00]",0.152,nonnorm,0
death_in_60days_status = 1 (%),671 (32.5),61 (34.7),71 (33.6),539 (32.2),0.745,,0
death_in_60days_time (median [IQR]),"60.00 [18.00, 60.00]","60.00 [15.00, 60.00]","60.00 [14.00, 60.00]","60.00 [19.00, 60.00]",0.119,nonnorm,0
death_discharge = 1 (%),398 (19.4),43 (24.6),56 (26.8),299 (17.9),0.002,,0.5
baseline_creatinine (median [IQR]),"1.10 [0.87, 1.37]","1.12 [0.90, 1.40]","1.00 [0.80, 1.27]","1.10 [0.88, 1.38]",0.013,nonnorm,17.6
admission_route (%),,,,,<0.001,exact,0.1
1,1542 (74.9),151 (86.8),141 (66.8),1250 (74.6),,,
2,516 (25.0),23 (13.2),70 (33.2),423 (25.3),,,
3,2 (0.1),0 (0.0),0 (0.0),2 (0.1),,,
los (median [IQR]),"9.00 [4.00, 16.00]","9.00 [5.00, 15.00]","9.00 [5.00, 19.00]","8.00 [4.00, 16.00]",0.243,nonnorm,0.1
