"","Overall","Black or African American","White","p","test","Missing"
"n","522","174","348","","",""
"age_admission (median [IQR])","61.00 [54.00, 68.00]","62.00 [55.00, 68.00]","61.00 [54.00, 68.00]","0.563","nonnorm","0.0"
"sex = 2 (%)","197 (37.7)","64 (36.8)","133 (38.2)","0.823","","0.0"
"White = 1 (%)","348 (66.7)","0 (0.0)","348 (100.0)","<0.001","","0.0"
"hispanic_race = 1 (%)","21 (4.0)","5 (2.9)","16 (4.6)","0.478","","0.0"
"reason_for_admission (%)","","","","0.149","","0.0"
"   1","223 (42.7)","71 (40.8)","152 (43.7)","","",""
"   2","48 (9.2)","11 (6.3)","37 (10.6)","","",""
"   3","251 (48.1)","92 (52.9)","159 (45.7)","","",""
"loop_diuretic = 1 (%)","310 (59.4)","100 (57.5)","210 (60.3)","0.592","","0.0"
"aldosterone_antagonist = 1 (%)","219 (42.0)","72 (41.4)","147 (42.2)","0.925","","0.0"
"lactulose = 1 (%)","221 (42.4)","72 (41.4)","149 (42.9)","0.806","","0.2"
"rifaximin = 1 (%)","140 (26.9)","40 (23.1)","100 (28.8)","0.202","","0.4"
"prophylactic_antibiotic = 1 (%)","53 (10.2)","15 (8.6)","38 (10.9)","0.505","","0.0"
"nsaids = 1 (%)","58 (11.2)","25 (14.5)","33 (9.5)","0.124","","0.4"
"beta_blockers = 1 (%)","218 (41.8)","76 (43.7)","142 (40.8)","0.594","","0.0"
"albumin_given_admission = 1 (%)","328 (63.1)","100 (57.5)","228 (65.9)","0.075","","0.4"
"albumin_amount_admission (median [IQR])","125.00 [68.75, 162.50]","125.00 [75.00, 154.62]","113.40 [56.25, 168.75]","0.716","nonnorm","47.3"
"albumin_given_prior = 1 (%)","21 (12.1)","5 (9.1)","16 (13.4)","0.569","","66.7"
"diabetes = 1 (%)","219 (42.0)","79 (45.7)","140 (40.2)","0.276","","0.2"
"cad = 1 (%)","97 (18.6)","35 (20.1)","62 (17.8)","0.605","","0.0"
"ckd = 1 (%)","183 (35.1)","62 (35.6)","121 (34.8)","0.922","","0.0"
"htn = 1 (%)","364 (69.7)","122 (70.1)","242 (69.5)","0.973","","0.0"
"etiology_cirrhosis (%)","","","","<0.001","","0.0"
"   Alcohol","199 (38.1)","63 (36.2)","136 (39.1)","","",""
"   HCV","97 (18.6)","51 (29.3)","46 (13.2)","","",""
"   Multifactorial","56 (10.7)","21 (12.1)","35 (10.1)","","",""
"   NASH","85 (16.3)","10 (5.7)","75 (21.6)","","",""
"   Other","85 (16.3)","29 (16.7)","56 (16.1)","","",""
"ascites_admission = 1 (%)","390 (74.7)","120 (69.0)","270 (77.6)","0.042","","0.0"
"encephalopathy_admission = 1 (%)","310 (59.5)","104 (59.8)","206 (59.4)","1.000","","0.2"
"gi_bleed_admission = 1 (%)","178 (34.2)","72 (41.4)","106 (30.6)","0.019","","0.4"
"peritonitis_admission = 1 (%)","70 (13.5)","20 (11.5)","50 (14.5)","0.426","","0.4"
"hcc_admission = 1 (%)","68 (13.1)","26 (14.9)","42 (12.1)","0.442","","0.2"
"tips_admission = 1 (%)","31 (6.0)","6 (3.4)","25 (7.2)","0.128","","0.4"
"lvp_admission = 1 (%)","149 (28.7)","53 (30.5)","96 (27.7)","0.587","","0.4"
"alcoholic_hepatitis_admission = 1 (%)","73 (14.0)","23 (13.2)","50 (14.4)","0.814","","0.2"
"na_admit (median [IQR])","135.00 [131.00, 139.00]","135.00 [132.00, 139.00]","134.00 [130.00, 139.00]","0.039","nonnorm","0.0"
"k_admit (median [IQR])","4.30 [3.80, 5.10]","4.30 [3.70, 5.10]","4.40 [3.90, 5.05]","0.182","nonnorm","0.2"
"cl_admit (median [IQR])","100.00 [95.00, 105.00]","101.00 [96.00, 106.00]","99.00 [94.00, 104.00]","0.010","nonnorm","0.0"
"co2_admit (median [IQR])","21.00 [18.00, 24.00]","20.00 [18.00, 23.00]","21.00 [18.00, 24.00]","0.249","nonnorm","0.0"
"bun_admit (median [IQR])","37.00 [23.25, 54.00]","36.00 [20.00, 53.75]","38.00 [25.00, 54.00]","0.135","nonnorm","0.0"
"creatinine_admission (median [IQR])","2.01 [1.51, 2.97]","2.00 [1.62, 2.89]","2.01 [1.50, 2.97]","0.543","nonnorm","0.0"
"urine_creatinine (median [IQR])","114.00 [76.00, 164.50]","130.40 [78.00, 183.00]","109.00 [74.90, 153.00]","0.034","nonnorm","36.8"
"ca_admit (median [IQR])","8.75 [8.17, 9.30]","8.80 [8.10, 9.30]","8.70 [8.20, 9.20]","0.908","nonnorm","0.4"
"mg_admit (median [IQR])","1.90 [1.60, 2.20]","1.90 [1.70, 2.20]","1.90 [1.60, 2.20]","0.952","nonnorm","22.6"
"phos_admit (median [IQR])","3.90 [3.10, 5.00]","3.80 [2.90, 4.75]","3.95 [3.20, 5.10]","0.120","nonnorm","29.3"
"peak_creatinine (median [IQR])","2.70 [2.00, 3.99]","2.85 [2.10, 4.00]","2.67 [1.97, 3.93]","0.393","nonnorm","0.6"
"alt_admit (median [IQR])","31.00 [20.00, 53.00]","30.50 [20.00, 59.75]","31.00 [20.00, 49.00]","0.666","nonnorm","0.6"
"alkphos_admit (median [IQR])","131.00 [93.00, 187.00]","132.50 [93.00, 199.50]","131.00 [95.00, 183.00]","0.579","nonnorm","0.6"
"tb_admit (median [IQR])","2.20 [1.00, 5.70]","2.20 [1.10, 5.65]","2.20 [1.00, 5.70]","0.788","nonnorm","1.0"
"alb_admit (median [IQR])","2.90 [2.40, 3.40]","2.80 [2.30, 3.40]","2.90 [2.42, 3.50]","0.110","nonnorm","0.4"
"nh3_admit (median [IQR])","64.00 [41.00, 96.50]","58.00 [41.00, 102.50]","65.00 [41.00, 92.50]","0.839","nonnorm","48.3"
"inr_admit (median [IQR])","1.60 [1.30, 2.10]","1.60 [1.20, 2.09]","1.60 [1.30, 2.10]","0.422","nonnorm","1.9"
"wbc_admit (median [IQR])","8.27 [5.90, 12.50]","7.86 [5.62, 11.28]","8.48 [6.00, 12.92]","0.064","nonnorm","0.0"
"hct_admit (median [IQR])","29.85 [25.00, 35.30]","29.05 [24.22, 35.88]","30.20 [25.80, 35.23]","0.345","nonnorm","0.0"
"plt_admit (median [IQR])","119.00 [77.00, 175.50]","125.50 [76.00, 179.00]","114.50 [78.00, 170.25]","0.658","nonnorm","0.0"
"urine_sodium (median [IQR])","21.00 [18.00, 46.00]","26.00 [20.00, 48.50]","20.00 [16.00, 46.00]","0.039","nonnorm","37.0"
"fena (median [IQR])","0.35 [0.16, 1.12]","0.37 [0.16, 1.12]","0.34 [0.16, 1.10]","0.671","nonnorm","43.3"
"he_grade_admission (%)","","","","0.414","","3.1"
"   1","284 (56.1)","89 (52.7)","195 (57.9)","","",""
"   2","87 (17.2)","30 (17.8)","57 (16.9)","","",""
"   3","68 (13.4)","21 (12.4)","47 (13.9)","","",""
"   4","49 (9.7)","22 (13.0)","27 (8.0)","","",""
"   5","18 (3.6)","7 (4.1)","11 (3.3)","","",""
"sbp_admission (median [IQR])","99.00 [87.00, 113.00]","102.00 [90.00, 118.00]","98.00 [84.00, 111.00]","0.003","nonnorm","0.0"
"dbp_admission (median [IQR])","55.00 [48.00, 62.00]","57.50 [51.00, 67.00]","53.00 [45.00, 60.00]","<0.001","nonnorm","0.0"
"rrt = 1 (%)","97 (18.6)","31 (17.8)","66 (19.0)","0.831","","0.2"
"rrt_hemodialysis = 1 (%)","35 (26.5)","10 (23.3)","25 (28.1)","0.704","","74.7"
"initial_rrt = 2 (%)","72 (75.0)","23 (76.7)","49 (74.2)","1.000","","81.6"
"icu_admission = 1 (%)","240 (46.0)","74 (42.5)","166 (47.7)","0.306","","0.0"
"hrs_vasoconstrictor = 1 (%)","192 (36.9)","52 (29.9)","140 (40.3)","0.025","","0.2"
"pressor = 1 (%)","163 (31.2)","50 (28.7)","113 (32.5)","0.442","","0.0"
"intubated = 1 (%)","147 (28.2)","44 (25.3)","103 (29.6)","0.353","","0.0"
"respiratory_failure (%)","","","","0.054","","0.6"
"   1","116 (22.4)","37 (21.3)","79 (22.9)","","",""
"   2","19 (3.7)","9 (5.2)","10 (2.9)","","",""
"   3","75 (14.5)","22 (12.6)","53 (15.4)","","",""
"   4","96 (18.5)","43 (24.7)","53 (15.4)","","",""
"   5","213 (41.0)","63 (36.2)","150 (43.5)","","",""
"liver_transplant_listed = 1 (%)","69 (13.2)","15 (8.6)","54 (15.5)","0.040","","0.0"
"liver_transplant = 1 (%)","33 (22.9)","7 (13.7)","26 (28.0)","0.083","","72.4"
"kidney_transplant = 1 (%)","5 (1.0)","4 (2.3)","1 (0.3)","0.044","exact","0.0"
"palliative_care = 1 (%)","113 (21.7)","41 (23.7)","72 (20.7)","0.501","","0.2"
"discharge_disposition (%)","","","","0.708","","0.4"
"   1","111 (21.3)","39 (22.5)","72 (20.7)","","",""
"   2","269 (51.7)","85 (49.1)","184 (53.0)","","",""
"   3","78 (15.0)","25 (14.5)","53 (15.3)","","",""
"   4","62 (11.9)","24 (13.9)","38 (11.0)","","",""
"code_status (%)","","","","0.852","","0.2"
"   1","336 (64.5)","111 (63.8)","225 (64.8)","","",""
"   2","95 (18.2)","34 (19.5)","61 (17.6)","","",""
"   3","90 (17.3)","29 (16.7)","61 (17.6)","","",""
"Akin (%)","","","","0.996","","0.8"
"   1","165 (31.9)","55 (31.6)","110 (32.0)","","",""
"   2","116 (22.4)","39 (22.4)","77 (22.4)","","",""
"   3","237 (45.8)","80 (46.0)","157 (45.6)","","",""
"final_type_of_aki (%)","","","","0.730","","0.0"
"   1","232 (44.4)","75 (43.1)","157 (45.1)","","",""
"   2","42 (8.0)","14 (8.0)","28 (8.0)","","",""
"   3","171 (32.8)","60 (34.5)","111 (31.9)","","",""
"   4","48 (9.2)","13 (7.5)","35 (10.1)","","",""
"   5","29 (5.6)","12 (6.9)","17 (4.9)","","",""
"MELD_baseline (median [IQR])","22.00 [16.00, 28.25]","22.00 [16.50, 28.00]","22.00 [16.00, 29.00]","0.951","nonnorm","2.7"
"MELD_Na_baseline (median [IQR])","25.00 [19.00, 31.00]","25.00 [20.00, 30.00]","25.00 [19.00, 31.00]","0.707","nonnorm","0.0"
"site (%)","","","","<0.001","","0.0"
"   baylor","60 (11.5)","28 (16.1)","32 (9.2)","","",""
"   indiana","52 (10.0)","10 (5.7)","42 (12.1)","","",""
"   jacksonville","30 (5.7)","8 (4.6)","22 (6.3)","","",""
"   kentukey","45 (8.6)","13 (7.5)","32 (9.2)","","",""
"   MCW","40 (7.7)","25 (14.4)","15 (4.3)","","",""
"   mgh","110 (21.1)","32 (18.4)","78 (22.4)","","",""
"   michigan","42 (8.0)","12 (6.9)","30 (8.6)","","",""
"   oschner","38 (7.3)","19 (10.9)","19 (5.5)","","",""
"   rochester","46 (8.8)","2 (1.1)","44 (12.6)","","",""
"   usc","5 (1.0)","2 (1.1)","3 (0.9)","","",""
"   yale","54 (10.3)","23 (13.2)","31 (8.9)","","",""
"AKI_responders (%)","","","","0.459","","0.8"
"   complete response","213 (41.1)","68 (39.1)","145 (42.2)","","",""
"   no response","231 (44.6)","84 (48.3)","147 (42.7)","","",""
"   partial response","74 (14.3)","22 (12.6)","52 (15.1)","","",""
"clif_score (median [IQR])","9.00 [8.00, 11.00]","9.00 [8.00, 11.00]","9.00 [8.00, 11.00]","0.488","nonnorm","0.0"
"MAP (median [IQR])","70.67 [61.42, 78.92]","73.00 [66.33, 81.58]","69.33 [58.67, 77.67]","<0.001","nonnorm","0.0"
"CLIF_C_Score (median [IQR])","48.25 [42.25, 55.24]","47.26 [42.17, 54.64]","48.80 [42.57, 55.33]","0.393","nonnorm","0.0"
"aclf_grade (%)","","","","0.487","","0.0"
"   1","87 (16.7)","33 (19.0)","54 (15.5)","","",""
"   2","166 (31.8)","57 (32.8)","109 (31.3)","","",""
"   3","269 (51.5)","84 (48.3)","185 (53.2)","","",""
"status_90days (median [IQR])","0.00 [0.00, 1.00]","0.00 [0.00, 1.00]","0.00 [0.00, 1.00]","0.657","nonnorm","0.0"
"time_90days (median [IQR])","89.50 [16.00, 90.00]","86.50 [15.00, 90.00]","90.00 [17.75, 90.00]","0.569","nonnorm","0.0"
"Encephalopathy = 1 (%)","98 (18.8)","36 (20.7)","62 (17.8)","0.501","","0.0"
"Alcoholic_hepatitis = 1 (%)","18 (3.4)","6 (3.4)","12 (3.4)","1.000","","0.0"
"HCC = 1 (%)","11 (2.1)","4 (2.3)","7 (2.0)","1.000","exact","0.0"
"New_diagnosis_of_cirrhosis = 1 (%)","7 (1.3)","2 (1.1)","5 (1.4)","1.000","exact","0.0"
"Transplant_evalutation = 1 (%)","19 (3.6)","8 (4.6)","11 (3.2)","0.563","","0.0"
"SBP = 1 (%)","19 (3.6)","6 (3.4)","13 (3.7)","1.000","","0.0"
"aki_stage_4 (%)","","","","0.970","","0.8"
"   1","165 (31.9)","55 (31.6)","110 (32.0)","","",""
"   2","116 (22.4)","39 (22.4)","77 (22.4)","","",""
"   3","140 (27.0)","49 (28.2)","91 (26.5)","","",""
"   4","97 (18.7)","31 (17.8)","66 (19.2)","","",""
"death_discharge = 1 (%)","117 (22.5)","42 (24.3)","75 (21.6)","0.566","","0.4"
"baseline_creatinine (median [IQR])","1.12 [0.90, 1.39]","1.12 [0.90, 1.40]","1.12 [0.89, 1.38]","0.497","nonnorm","14.2"
"admission_route (%)","","","","0.003","exact","0.0"
"   1","412 (78.9)","151 (86.8)","261 (75.0)","","",""
"   2","108 (20.7)","23 (13.2)","85 (24.4)","","",""
"   3","2 (0.4)","0 (0.0)","2 (0.6)","","",""
"los (median [IQR])","8.00 [4.00, 16.00]","9.00 [5.00, 15.00]","8.00 [4.00, 16.00]","0.363","nonnorm","0.0"
