,Overall,Hispanic,Non-Hispanic,p,test,Missing
n,1989,178,1811,,,
age_admission (median [IQR]),"62.00 [54.00, 69.00]","60.00 [53.00, 66.00]","62.00 [54.00, 69.00]",0.028,nonnorm,0
sex = 2 (%),760 (38.2),56 (31.5),704 (38.9),0.062,,0.1
White = 1 (%),1636 (82.3),94 (52.8),1542 (85.1),<0.001,,0
reason_for_admission (%),,,,0.013,,0.1
1,942 (47.4),103 (57.9),839 (46.4),,,
2,186 (9.4),12 (6.7),174 (9.6),,,
3,860 (43.3),63 (35.4),797 (44.0),,,
loop_diuretic = 1 (%),1255 (63.2),118 (66.3),1137 (62.9),0.409,,0.1
aldosterone_antagonist = 1 (%),928 (46.7),90 (50.6),838 (46.3),0.319,,0.2
lactulose = 1 (%),889 (44.7),87 (48.9),802 (44.3),0.276,,0.1
rifaximin = 1 (%),585 (29.4),49 (27.5),536 (29.6),0.617,,0.1
prophylactic_antibiotic = 1 (%),219 (11.0),25 (14.0),194 (10.7),0.219,,0
nsaids = 1 (%),193 (9.7),20 (11.2),173 (9.6),0.559,,0.2
beta_blockers = 1 (%),800 (40.2),70 (39.3),730 (40.3),0.861,,0
albumin_given_admission = 1 (%),1327 (66.9),108 (60.7),1219 (67.5),0.08,,0.2
albumin_amount_admission (median [IQR]),"125.00 [75.00, 175.00]","100.00 [75.00, 157.50]","125.00 [64.38, 175.00]",0.421,nonnorm,43.2
albumin_given_prior = 1 (%),108 (15.5),14 (22.2),94 (14.8),0.172,,65
diabetes = 1 (%),818 (41.2),85 (48.0),733 (40.5),0.064,,0.2
cad = 1 (%),394 (19.8),28 (15.7),366 (20.2),0.182,,0.1
ckd = 1 (%),604 (30.5),45 (25.4),559 (31.0),0.15,,0.3
htn = 1 (%),1156 (58.1),104 (58.4),1052 (58.1),1,,0.1
etiology_cirrhosis (%),,,,0.054,,0
   Alcohol,771 (38.8),65 (36.5),706 (39.0),,,
   HCV,226 (11.4),26 (14.6),200 (11.0),,,
   Multifactorial,185 (9.3),21 (11.8),164 (9.1),,,
   NASH,432 (21.7),26 (14.6),406 (22.4),,,
   Other,375 (18.9),40 (22.5),335 (18.5),,,
ascites_admission = 1 (%),1548 (77.8),137 (77.0),1411 (77.9),0.845,,0
encephalopathy_admission = 1 (%),1166 (58.7),110 (61.8),1056 (58.4),0.421,,0.1
gi_bleed_admission = 1 (%),687 (34.6),62 (34.8),625 (34.5),1,,0.1
peritonitis_admission = 1 (%),280 (14.1),29 (16.3),251 (13.9),0.444,,0.2
hcc_admission = 1 (%),230 (11.6),25 (14.0),205 (11.3),0.337,,0.1
tips_admission = 1 (%),161 (8.1),8 (4.5),153 (8.5),0.088,,0.2
lvp_admission = 1 (%),642 (32.3),59 (33.3),583 (32.2),0.833,,0.2
alcoholic_hepatitis_admission = 1 (%),286 (14.4),25 (14.0),261 (14.4),0.981,,0.1
na_admit (median [IQR]),"134.00 [130.00, 138.00]","134.00 [129.25, 138.00]","134.00 [130.00, 138.00]",0.66,nonnorm,0
k_admit (median [IQR]),"4.40 [3.80, 5.00]","4.40 [3.80, 5.00]","4.40 [3.80, 5.00]",0.997,nonnorm,0.4
cl_admit (median [IQR]),"100.00 [95.00, 105.00]","101.00 [95.00, 106.00]","100.00 [95.00, 105.00]",0.128,nonnorm,0
co2_admit (median [IQR]),"21.00 [18.00, 24.00]","21.00 [17.25, 24.00]","21.00 [18.00, 24.00]",0.319,nonnorm,0.1
bun_admit (median [IQR]),"38.00 [24.00, 56.00]","37.00 [23.00, 56.75]","38.00 [25.00, 55.50]",0.92,nonnorm,0
creatinine_admission (median [IQR]),"1.94 [1.50, 2.80]","2.06 [1.44, 2.90]","1.94 [1.50, 2.80]",0.902,nonnorm,0
urine_creatinine (median [IQR]),"108.00 [68.85, 155.50]","89.00 [61.50, 141.10]","109.00 [70.00, 157.00]",0.015,nonnorm,37.7
ca_admit (median [IQR]),"8.70 [8.20, 9.20]","8.70 [8.20, 9.30]","8.70 [8.20, 9.20]",0.653,nonnorm,0.3
mg_admit (median [IQR]),"2.00 [1.70, 2.30]","2.10 [1.70, 2.30]","2.00 [1.70, 2.21]",0.217,nonnorm,24.9
phos_admit (median [IQR]),"3.90 [3.10, 4.80]","3.90 [3.10, 4.82]","3.90 [3.10, 4.80]",0.722,nonnorm,32.9
peak_creatinine (median [IQR]),"2.53 [1.92, 3.62]","2.50 [1.94, 3.49]","2.53 [1.92, 3.63]",0.7,nonnorm,0.5
alt_admit (median [IQR]),"31.00 [20.00, 54.00]","31.00 [21.00, 52.75]","31.00 [20.00, 54.00]",0.913,nonnorm,1
alkphos_admit (median [IQR]),"133.00 [94.00, 197.00]","148.50 [101.00, 217.00]","132.00 [93.00, 194.00]",0.012,nonnorm,1
tb_admit (median [IQR]),"2.60 [1.10, 6.90]","2.50 [1.00, 7.30]","2.60 [1.10, 6.80]",0.9,nonnorm,1.3
alb_admit (median [IQR]),"2.90 [2.50, 3.40]","2.90 [2.50, 3.50]","2.90 [2.50, 3.40]",0.36,nonnorm,1.1
nh3_admit (median [IQR]),"59.00 [37.00, 95.50]","71.00 [39.00, 112.00]","58.00 [36.25, 95.00]",0.079,nonnorm,50.2
inr_admit (median [IQR]),"1.60 [1.30, 2.10]","1.50 [1.27, 2.00]","1.60 [1.30, 2.10]",0.043,nonnorm,2.1
wbc_admit (median [IQR]),"8.50 [6.00, 12.80]","7.60 [5.19, 10.80]","8.60 [6.00, 12.90]",0.004,nonnorm,0
hct_admit (median [IQR]),"29.60 [25.00, 34.90]","31.00 [25.00, 35.25]","29.40 [25.00, 34.80]",0.303,nonnorm,0
plt_admit (median [IQR]),"113.00 [73.00, 172.00]","103.00 [64.25, 170.00]","114.00 [74.00, 172.00]",0.112,nonnorm,0.1
urine_sodium (median [IQR]),"20.00 [16.00, 43.00]","24.00 [20.00, 57.00]","20.00 [16.00, 42.00]",0.105,nonnorm,36.3
fena (median [IQR]),"0.35 [0.16, 0.99]","0.37 [0.18, 1.37]","0.35 [0.16, 0.98]",0.274,nonnorm,44.3
he_grade_admission (%),,,,0.688,,2.5
1,1149 (59.3),110 (62.5),1039 (58.9),,,
2,297 (15.3),28 (15.9),269 (15.3),,,
3,241 (12.4),21 (11.9),220 (12.5),,,
4,190 (9.8),12 (6.8),178 (10.1),,,
5,62 (3.2),5 (2.8),57 (3.2),,,
sbp_admission (median [IQR]),"99.00 [88.00, 112.00]","99.00 [88.00, 111.00]","99.00 [88.00, 112.00]",0.702,nonnorm,0
dbp_admission (median [IQR]),"53.00 [47.00, 61.00]","53.00 [46.25, 61.75]","53.00 [47.00, 61.00]",0.969,nonnorm,0
rrt = 1 (%),350 (17.6),43 (24.2),307 (17.0),0.022,,0.2
rrt_hemodialysis = 1 (%),159 (32.1),24 (54.5),135 (29.9),0.001,,75.1
initial_rrt = 2 (%),247 (71.0),32 (74.4),215 (70.5),0.725,,82.5
icu_admission = 1 (%),908 (45.7),80 (44.9),828 (45.8),0.895,,0.1
hrs_vasoconstrictor = 1 (%),760 (38.2),76 (42.7),684 (37.8),0.231,,0.1
pressor = 1 (%),580 (29.2),51 (28.7),529 (29.2),0.937,,0.1
intubated = 1 (%),516 (26.0),39 (22.0),477 (26.4),0.246,,0.1
respiratory_failure (%),,,,0.241,,0.8
1,420 (21.3),33 (18.6),387 (21.5),,,
2,75 (3.8),5 (2.8),70 (3.9),,,
3,282 (14.3),18 (10.2),264 (14.7),,,
4,313 (15.9),30 (16.9),283 (15.7),,,
5,884 (44.8),91 (51.4),793 (44.1),,,
liver_transplant_listed = 1 (%),312 (15.7),31 (17.4),281 (15.5),0.582,,0.1
liver_transplant = 1 (%),164 (27.5),21 (36.2),143 (26.6),0.16,,70
kidney_transplant = 1 (%),27 (1.4),3 (1.7),24 (1.3),0.729,exact,0.1
palliative_care = 1 (%),427 (21.5),19 (10.7),408 (22.5),<0.001,,0.1
discharge_disposition (%),,,,0.013,,0.3
1,359 (18.1),28 (15.7),331 (18.3),,,
2,1045 (52.7),109 (61.2),936 (51.9),,,
3,332 (16.7),31 (17.4),301 (16.7),,,
4,247 (12.5),10 (5.6),237 (13.1),,,
code_status (%),,,,0.008,,0.4
1,1282 (64.7),134 (75.3),1148 (63.6),,,
2,399 (20.1),25 (14.0),374 (20.7),,,
3,301 (15.2),19 (10.7),282 (15.6),,,
Akin (%),,,,0.512,,0.7
1,683 (34.6),54 (30.7),629 (34.9),,,
2,457 (23.1),42 (23.9),415 (23.1),,,
3,836 (42.3),80 (45.5),756 (42.0),,,
final_type_of_aki (%),,,,0.065,,0
1,893 (44.9),89 (50.0),804 (44.4),,,
2,238 (12.0),22 (12.4),216 (11.9),,,
3,596 (30.0),39 (21.9),557 (30.8),,,
4,118 (5.9),9 (5.1),109 (6.0),,,
5,144 (7.2),19 (10.7),125 (6.9),,,
MELD_baseline (median [IQR]),"22.00 [16.00, 29.00]","21.00 [16.00, 29.00]","22.00 [17.00, 29.00]",0.356,nonnorm,2.9
MELD_Na_baseline (median [IQR]),"25.00 [19.00, 31.00]","25.00 [19.00, 31.00]","26.00 [19.00, 31.00]",0.432,nonnorm,2.9
site (%),,,,<0.001,,0
   baylor,215 (10.8),45 (25.3),170 (9.4),,,
   indiana,222 (11.2),7 (3.9),215 (11.9),,,
   jacksonville,109 (5.5),8 (4.5),101 (5.6),,,
   kentukey,170 (8.5),1 (0.6),169 (9.3),,,
   MCW,125 (6.3),9 (5.1),116 (6.4),,,
   mgh,362 (18.2),33 (18.5),329 (18.2),,,
   michigan,158 (7.9),7 (3.9),151 (8.3),,,
   oschner,123 (6.2),5 (2.8),118 (6.5),,,
   rochester,251 (12.6),12 (6.7),239 (13.2),,,
   usc,65 (3.3),30 (16.9),35 (1.9),,,
   yale,189 (9.5),21 (11.8),168 (9.3),,,
AKI_responders (%),,,,0.32,,0.7
   complete response,840 (42.5),66 (37.5),774 (43.0),,,
   no response,844 (42.7),84 (47.7),760 (42.2),,,
   partial response,292 (14.8),26 (14.8),266 (14.8),,,
clif_score (median [IQR]),"9.00 [8.00, 11.00]","9.00 [7.25, 10.00]","9.00 [8.00, 11.00]",0.049,nonnorm,0
MAP (median [IQR]),"69.00 [60.67, 77.33]","69.50 [59.92, 77.00]","69.00 [60.67, 77.33]",0.789,nonnorm,0
CLIF_C_Score (median [IQR]),"48.72 [42.22, 55.36]","45.56 [39.57, 53.52]","48.95 [42.72, 55.67]",<0.001,nonnorm,0
aclf_grade (%),,,,0.388,,0
1,298 (15.0),31 (17.4),267 (14.7),,,
2,603 (30.3),58 (32.6),545 (30.1),,,
3,1088 (54.7),89 (50.0),999 (55.2),,,
Encephalopathy = 1 (%),378 (19.0),38 (21.3),340 (18.8),0.462,,0
Alcoholic_hepatitis = 1 (%),66 (3.3),4 (2.2),62 (3.4),0.514,exact,0
HCC = 1 (%),33 (1.7),5 (2.8),28 (1.5),0.342,,0
New_diagnosis_of_cirrhosis = 1 (%),37 (1.9),3 (1.7),34 (1.9),1,exact,0
Transplant_evalutation = 1 (%),126 (6.3),22 (12.4),104 (5.7),0.001,,0
SBP = 1 (%),84 (4.2),6 (3.4),78 (4.3),0.691,,0
aki_stage_4 (%),,,,0.078,,0.7
1,683 (34.6),54 (30.7),629 (34.9),,,
2,457 (23.1),42 (23.9),415 (23.1),,,
3,486 (24.6),37 (21.0),449 (24.9),,,
4,350 (17.7),43 (24.4),307 (17.1),,,
death_discharge = 1 (%),367 (18.5),27 (15.3),340 (18.9),0.282,,0.5
baseline_creatinine (median [IQR]),"1.10 [0.87, 1.37]","1.00 [0.81, 1.28]","1.10 [0.88, 1.38]",0.034,nonnorm,16.1
admission_route (%),,,,0.82,exact,0.2
1,1507 (75.9),137 (77.0),1370 (75.8),,,
2,477 (24.0),41 (23.0),436 (24.1),,,
3,2 (0.1),0 (0.0),2 (0.1),,,
los (median [IQR]),"9.00 [4.00, 16.00]","8.00 [4.00, 17.00]","9.00 [4.00, 16.00]",0.932,nonnorm,0.2
