,Overall,Black or African American,White,p,test,Missing
n,522,174,348,,,
age_admission (median [IQR]),"62.00 [54.25, 69.00]","62.00 [55.00, 68.00]","62.00 [54.00, 70.00]",0.883,nonnorm,0
sex = 2 (%),193 (37.0),64 (36.8),129 (37.1),1,,0
hispanic_race = 1 (%),24 (4.6),5 (2.9),19 (5.5),0.268,,0
reason_for_admission (%),,,,0.022,,0.2
1,208 (39.9),71 (40.8),137 (39.5),,,
2,61 (11.7),11 (6.3),50 (14.4),,,
3,252 (48.4),92 (52.9),160 (46.1),,,
loop_diuretic = 1 (%),323 (62.1),100 (57.5),223 (64.5),0.146,,0.4
aldosterone_antagonist = 1 (%),241 (46.3),72 (41.4),169 (48.7),0.137,,0.2
lactulose = 1 (%),205 (39.3),72 (41.4),133 (38.3),0.564,,0.2
rifaximin = 1 (%),139 (26.7),40 (23.1),99 (28.5),0.227,,0.4
prophylactic_antibiotic = 1 (%),51 (9.8),15 (8.6),36 (10.3),0.639,,0
nsaids = 1 (%),51 (9.8),25 (14.5),26 (7.5),0.018,,0.4
beta_blockers = 1 (%),236 (45.2),76 (43.7),160 (46.0),0.686,,0
albumin_given_admission = 1 (%),321 (61.6),100 (57.5),221 (63.7),0.2,,0.2
albumin_amount_admission (median [IQR]),"125.00 [75.00, 163.88]","125.00 [75.00, 154.62]","125.00 [75.00, 175.00]",0.794,nonnorm,54
albumin_given_prior = 1 (%),23 (17.4),5 (9.1),18 (23.4),0.057,,74.7
diabetes = 1 (%),236 (45.3),79 (45.7),157 (45.1),0.98,,0.2
cad = 1 (%),96 (18.4),35 (20.1),61 (17.5),0.549,,0
ckd = 1 (%),189 (36.2),62 (35.6),127 (36.5),0.923,,0
htn = 1 (%),351 (67.2),122 (70.1),229 (65.8),0.373,,0
etiology_cirrhosis (%),,,,<0.001,,0
   Alcohol,185 (35.4),63 (36.2),122 (35.1),,,
   HCV,91 (17.4),51 (29.3),40 (11.5),,,
   Multifactorial,61 (11.7),21 (12.1),40 (11.5),,,
   NASH,87 (16.7),10 (5.7),77 (22.1),,,
   Other,98 (18.8),29 (16.7),69 (19.8),,,
ascites_admission = 1 (%),354 (67.8),120 (69.0),234 (67.2),0.766,,0
encephalopathy_admission = 1 (%),283 (54.4),104 (59.8),179 (51.7),0.1,,0.4
gi_bleed_admission = 1 (%),171 (32.8),72 (41.4),99 (28.5),0.004,,0.2
peritonitis_admission = 1 (%),59 (11.3),20 (11.5),39 (11.3),1,,0.4
hcc_admission = 1 (%),68 (13.1),26 (14.9),42 (12.1),0.442,,0.2
tips_admission = 1 (%),39 (7.5),6 (3.4),33 (9.5),0.021,,0.4
lvp_admission = 1 (%),134 (25.8),53 (30.5),81 (23.5),0.108,,0.6
alcoholic_hepatitis_admission = 1 (%),68 (13.1),23 (13.2),45 (13.0),1,,0.2
na_admit (median [IQR]),"135.00 [131.00, 139.00]","135.00 [132.00, 139.00]","135.00 [131.00, 139.00]",0.617,nonnorm,0
k_admit (median [IQR]),"4.40 [3.80, 5.10]","4.30 [3.70, 5.10]","4.40 [3.90, 5.10]",0.116,nonnorm,0.6
cl_admit (median [IQR]),"100.50 [95.00, 106.00]","101.00 [96.00, 106.00]","100.00 [95.00, 105.00]",0.111,nonnorm,0
co2_admit (median [IQR]),"21.00 [18.00, 24.00]","20.00 [18.00, 23.00]","21.00 [18.00, 24.00]",0.118,nonnorm,0
bun_admit (median [IQR]),"37.00 [23.00, 54.00]","36.00 [20.00, 53.75]","38.00 [24.75, 54.00]",0.18,nonnorm,0
creatinine_admission (median [IQR]),"1.96 [1.55, 2.80]","2.00 [1.62, 2.89]","1.90 [1.53, 2.70]",0.172,nonnorm,0
urine_creatinine (median [IQR]),"109.78 [66.00, 165.75]","130.40 [78.00, 183.00]","103.70 [63.20, 149.00]",0.005,nonnorm,37.5
ca_admit (median [IQR]),"8.80 [8.20, 9.20]","8.80 [8.10, 9.30]","8.70 [8.30, 9.20]",0.967,nonnorm,0.4
mg_admit (median [IQR]),"2.00 [1.70, 2.20]","1.90 [1.70, 2.20]","2.00 [1.70, 2.20]",0.62,nonnorm,20.5
phos_admit (median [IQR]),"3.95 [3.10, 4.80]","3.80 [2.90, 4.75]","4.00 [3.20, 4.80]",0.124,nonnorm,30.7
peak_creatinine (median [IQR]),"2.62 [1.94, 3.86]","2.85 [2.10, 4.00]","2.54 [1.90, 3.76]",0.067,nonnorm,0.4
alt_admit (median [IQR]),"31.00 [19.00, 56.00]","30.50 [20.00, 59.75]","32.00 [19.00, 55.00]",0.753,nonnorm,0.6
alkphos_admit (median [IQR]),"126.00 [90.00, 194.00]","132.50 [93.00, 199.50]","122.00 [90.00, 190.00]",0.448,nonnorm,0.6
tb_admit (median [IQR]),"2.00 [1.00, 5.20]","2.20 [1.10, 5.65]","2.00 [0.90, 5.10]",0.381,nonnorm,0.6
alb_admit (median [IQR]),"2.90 [2.50, 3.50]","2.80 [2.30, 3.40]","3.00 [2.58, 3.50]",0.011,nonnorm,0.8
nh3_admit (median [IQR]),"56.00 [36.00, 91.00]","58.00 [41.00, 102.50]","54.00 [32.00, 83.00]",0.031,nonnorm,49
inr_admit (median [IQR]),"1.50 [1.20, 2.00]","1.60 [1.20, 2.09]","1.50 [1.21, 1.90]",0.339,nonnorm,2.9
wbc_admit (median [IQR]),"8.10 [5.80, 11.91]","7.86 [5.62, 11.28]","8.30 [5.90, 12.20]",0.193,nonnorm,0
hct_admit (median [IQR]),"30.00 [25.50, 35.38]","29.05 [24.22, 35.88]","30.60 [25.90, 35.23]",0.209,nonnorm,0
plt_admit (median [IQR]),"119.00 [74.00, 177.00]","125.50 [76.00, 179.00]","113.00 [72.00, 176.50]",0.424,nonnorm,0.2
urine_sodium (median [IQR]),"23.00 [16.00, 48.00]","26.00 [20.00, 48.50]","21.00 [13.50, 47.50]",0.035,nonnorm,33.5
fena (median [IQR]),"0.38 [0.14, 1.08]","0.37 [0.16, 1.12]","0.39 [0.13, 1.06]",0.68,nonnorm,41
he_grade_admission (%),,,,0.005,,3.1
1,319 (63.0),89 (52.7),230 (68.2),,,
2,77 (15.2),30 (17.8),47 (13.9),,,
3,54 (10.7),21 (12.4),33 (9.8),,,
4,42 (8.3),22 (13.0),20 (5.9),,,
5,14 (2.8),7 (4.1),7 (2.1),,,
sbp_admission (median [IQR]),"99.00 [86.25, 113.00]","102.00 [90.00, 118.00]","97.50 [84.75, 110.25]",0.005,nonnorm,0
dbp_admission (median [IQR]),"54.00 [48.00, 62.00]","57.50 [51.00, 67.00]","53.00 [45.75, 60.00]",<0.001,nonnorm,0
rrt = 1 (%),87 (16.7),31 (17.8),56 (16.2),0.73,,0.4
rrt_hemodialysis = 1 (%),42 (42.0),10 (23.3),32 (56.1),0.002,,80.8
initial_rrt = 2 (%),54 (62.8),23 (76.7),31 (55.4),0.086,,83.5
icu_admission = 1 (%),233 (44.6),74 (42.5),159 (45.7),0.554,,0
hrs_vasoconstrictor = 1 (%),138 (26.5),52 (29.9),86 (24.8),0.255,,0.2
pressor = 1 (%),162 (31.0),50 (28.7),112 (32.2),0.482,,0
intubated = 1 (%),126 (24.1),44 (25.3),82 (23.6),0.745,,0
respiratory_failure (%),,,,0.104,,1.7
1,101 (19.7),37 (21.3),64 (18.9),,,
2,23 (4.5),9 (5.2),14 (4.1),,,
3,56 (10.9),22 (12.6),34 (10.0),,,
4,105 (20.5),43 (24.7),62 (18.3),,,
5,228 (44.4),63 (36.2),165 (48.7),,,
liver_transplant_listed = 1 (%),65 (12.5),15 (8.6),50 (14.4),0.081,,0.2
liver_transplant = 1 (%),22 (19.6),7 (13.7),15 (24.6),0.229,,78.5
kidney_transplant = 1 (%),5 (1.0),4 (2.3),1 (0.3),0.044,exact,0
palliative_care = 1 (%),107 (20.5),41 (23.7),66 (19.0),0.252,,0.2
discharge_disposition (%),,,,0.057,,0.2
1,103 (19.8),39 (22.5),64 (18.4),,,
2,266 (51.1),85 (49.1),181 (52.0),,,
3,99 (19.0),25 (14.5),74 (21.3),,,
4,53 (10.2),24 (13.9),29 (8.3),,,
code_status (%),,,,0.507,,0.6
1,345 (66.5),111 (63.8),234 (67.8),,,
2,100 (19.3),34 (19.5),66 (19.1),,,
3,74 (14.3),29 (16.7),45 (13.0),,,
Akin (%),,,,0.632,,0.4
1,175 (33.7),55 (31.6),120 (34.7),,,
2,121 (23.3),39 (22.4),82 (23.7),,,
3,224 (43.1),80 (46.0),144 (41.6),,,
final_type_of_aki (%),,,,0.976,,0
1,224 (42.9),75 (43.1),149 (42.8),,,
2,37 (7.1),14 (8.0),23 (6.6),,,
3,182 (34.9),60 (34.5),122 (35.1),,,
4,42 (8.0),13 (7.5),29 (8.3),,,
5,37 (7.1),12 (6.9),25 (7.2),,,
MELD_baseline (median [IQR]),"21.00 [15.00, 27.00]","22.00 [16.50, 28.00]","21.00 [15.00, 27.00]",0.123,nonnorm,3.1
MELD_Na_baseline (median [IQR]),"24.00 [18.00, 30.00]","25.00 [20.00, 30.00]","24.00 [18.00, 29.00]",0.143,nonnorm,0
site (%),,,,<0.001,,0
   baylor,34 (6.5),28 (16.1),6 (1.7),,,
   indiana,14 (2.7),10 (5.7),4 (1.1),,,
   jacksonville,16 (3.1),8 (4.6),8 (2.3),,,
   kentukey,14 (2.7),13 (7.5),1 (0.3),,,
   MCW,28 (5.4),25 (14.4),3 (0.9),,,
   mgh,65 (12.5),32 (18.4),33 (9.5),,,
   michigan,99 (19.0),12 (6.9),87 (25.0),,,
   oschner,31 (5.9),19 (10.9),12 (3.4),,,
   rochester,89 (17.0),2 (1.1),87 (25.0),,,
   usc,14 (2.7),2 (1.1),12 (3.4),,,
   yale,118 (22.6),23 (13.2),95 (27.3),,,
AKI_responders (%),,,,0.085,,0.4
   complete response,222 (42.7),68 (39.1),154 (44.5),,,
   no response,217 (41.7),84 (48.3),133 (38.4),,,
   partial response,81 (15.6),22 (12.6),59 (17.1),,,
clif_score (median [IQR]),"9.00 [8.00, 11.00]","9.00 [8.00, 11.00]","9.00 [8.00, 11.00]",0.421,nonnorm,0
MAP (median [IQR]),"70.33 [61.33, 78.00]","73.00 [66.33, 81.58]","68.67 [59.67, 76.33]",<0.001,nonnorm,0
CLIF_C_Score (median [IQR]),"47.55 [41.55, 54.46]","47.26 [42.17, 54.64]","48.00 [41.22, 54.25]",0.725,nonnorm,0
aclf_grade (%),,,,0.947,,0
1,98 (18.8),33 (19.0),65 (18.7),,,
2,176 (33.7),57 (32.8),119 (34.2),,,
3,248 (47.5),84 (48.3),164 (47.1),,,
status_90days (median [IQR]),"0.00 [0.00, 1.00]","0.00 [0.00, 1.00]","0.00 [0.00, 1.00]",0.287,nonnorm,0
time_90days (median [IQR]),"90.00 [20.00, 90.00]","86.50 [15.00, 90.00]","90.00 [27.00, 90.00]",0.021,nonnorm,0
Encephalopathy = 1 (%),89 (17.0),36 (20.7),53 (15.2),0.15,,0
Alcoholic_hepatitis = 1 (%),17 (3.3),6 (3.4),11 (3.2),1,,0
HCC = 1 (%),14 (2.7),4 (2.3),10 (2.9),0.783,exact,0
New_diagnosis_of_cirrhosis = 1 (%),8 (1.5),2 (1.1),6 (1.7),0.725,exact,0
Transplant_evalutation = 1 (%),24 (4.6),8 (4.6),16 (4.6),1,,0
SBP = 1 (%),21 (4.0),6 (3.4),15 (4.3),0.813,,0
aki_stage_4 (%),,,,0.821,,0.4
1,175 (33.7),55 (31.6),120 (34.7),,,
2,121 (23.3),39 (22.4),82 (23.7),,,
3,137 (26.3),49 (28.2),88 (25.4),,,
4,87 (16.7),31 (17.8),56 (16.2),,,
death_discharge = 1 (%),102 (19.7),42 (24.3),60 (17.3),0.079,,0.6
baseline_creatinine (median [IQR]),"1.12 [0.90, 1.40]","1.12 [0.90, 1.40]","1.12 [0.89, 1.39]",0.583,nonnorm,12.6
admission_route (%),,,,0.117,exact,0
1,430 (82.4),151 (86.8),279 (80.2),,,
2,91 (17.4),23 (13.2),68 (19.5),,,
3,1 (0.2),0 (0.0),1 (0.3),,,
los (median [IQR]),"9.00 [5.00, 16.00]","9.00 [5.00, 15.00]","9.00 [5.00, 17.00]",0.891,nonnorm,0
