"","level","Overall","American Indian or Alaska Native","Asian","Black or African American","Native Hawaiian or Other Pacific Islander","Other","White","p","test","Missing"
"n","","1999","12","34","176","3","100","1674","","",""
"age_admission (median [IQR])","","62.00 [54.00, 69.00]","60.00 [39.75, 65.25]","59.50 [51.25, 66.50]","62.00 [55.00, 68.00]","50.00 [49.00, 65.00]","61.00 [54.00, 67.00]","62.00 [54.00, 69.00]","0.558","nonnorm","0.0"
"sex (%)","1","1232 (61.7)","5 (41.7)","22 (64.7)","111 (63.1)","0 (0.0)","59 (59.0)","1035 (61.9)","0.188","","0.1"
"","2","766 (38.3)","7 (58.3)","12 (35.3)","65 (36.9)","3 (100.0)","41 (41.0)","638 (38.1)","","",""
"White (%)","0","325 (16.3)","12 (100.0)","34 (100.0)","176 (100.0)","3 (100.0)","100 (100.0)","0 (0.0)","<0.001","","0.0"
"","1","1674 (83.7)","0 (0.0)","0 (0.0)","0 (0.0)","0 (0.0)","0 (0.0)","1674 (100.0)","","",""
"hispanic_race (%)","0","1826 (91.3)","10 (83.3)","33 (97.1)","171 (97.2)","2 (66.7)","30 (30.0)","1580 (94.4)","<0.001","","0.0"
"","1","173 (8.7)","2 (16.7)","1 (2.9)","5 (2.8)","1 (33.3)","70 (70.0)","94 (5.6)","","",""
"reason_for_admission (%)","1","939 (47.0)","9 (75.0)","16 (47.1)","72 (40.9)","1 (33.3)","58 (58.0)","783 (46.8)","0.021","","0.1"
"","2","185 (9.3)","0 (0.0)","4 (11.8)","11 (6.2)","1 (33.3)","3 (3.0)","166 (9.9)","","",""
"","3","874 (43.7)","3 (25.0)","14 (41.2)","93 (52.8)","1 (33.3)","39 (39.0)","724 (43.3)","","",""
"loop_diuretic (%)","0","732 (36.7)","7 (58.3)","12 (35.3)","75 (42.6)","1 (33.3)","34 (34.0)","603 (36.1)","0.335","","0.1"
"","1","1265 (63.3)","5 (41.7)","22 (64.7)","101 (57.4)","2 (66.7)","66 (66.0)","1069 (63.9)","","",""
"aldosterone_antagonist (%)","0","1068 (53.5)","7 (58.3)","22 (64.7)","102 (58.0)","2 (66.7)","44 (44.0)","891 (53.3)","0.214","","0.2"
"","1","928 (46.5)","5 (41.7)","12 (35.3)","74 (42.0)","1 (33.3)","56 (56.0)","780 (46.7)","","",""
"lactulose (%)","0","1099 (55.0)","4 (33.3)","21 (61.8)","102 (58.0)","1 (33.3)","50 (50.0)","921 (55.1)","0.403","","0.1"
"","1","899 (45.0)","8 (66.7)","13 (38.2)","74 (42.0)","2 (66.7)","50 (50.0)","752 (44.9)","","",""
"rifaximin (%)","0","1410 (70.6)","8 (66.7)","27 (79.4)","135 (77.1)","1 (33.3)","72 (72.0)","1167 (69.8)","0.177","","0.1"
"","1","587 (29.4)","4 (33.3)","7 (20.6)","40 (22.9)","2 (66.7)","28 (28.0)","506 (30.2)","","",""
"prophylactic_antibiotic (%)","0","1780 (89.0)","10 (83.3)","30 (88.2)","161 (91.5)","3 (100.0)","92 (92.0)","1484 (88.6)","0.696","","0.0"
"","1","219 (11.0)","2 (16.7)","4 (11.8)","15 (8.5)","0 (0.0)","8 (8.0)","190 (11.4)","","",""
"nsaids (%)","0","1795 (89.9)","12 (100.0)","32 (94.1)","150 (85.7)","2 (66.7)","92 (92.0)","1507 (90.1)","0.169","","0.2"
"","1","201 (10.1)","0 (0.0)","2 (5.9)","25 (14.3)","1 (33.3)","8 (8.0)","165 (9.9)","","",""
"beta_blockers (%)","0","1191 (59.6)","10 (83.3)","22 (64.7)","100 (56.8)","2 (66.7)","63 (63.0)","994 (59.4)","0.505","","0.0"
"","1","808 (40.4)","2 (16.7)","12 (35.3)","76 (43.2)","1 (33.3)","37 (37.0)","680 (40.6)","","",""
"albumin_given_admission (%)","0","672 (33.7)","2 (16.7)","9 (26.5)","74 (42.0)","1 (33.3)","26 (26.0)","560 (33.5)","0.062","","0.2"
"","1","1323 (66.3)","10 (83.3)","25 (73.5)","102 (58.0)","2 (66.7)","74 (74.0)","1110 (66.5)","","",""
"albumin_amount_admission (median [IQR])","","125.00 [75.00, 175.00]","150.00 [100.00, 250.00]","100.00 [62.50, 143.75]","125.00 [75.00, 151.50]","112.50 [68.75, 156.25]","100.00 [81.53, 150.00]","123.70 [62.50, 175.00]","0.598","nonnorm","43.8"
"albumin_given_prior (%)","0","608 (85.3)","6 (75.0)","8 (88.9)","50 (90.9)","1 (100.0)","42 (79.2)","501 (85.3)","0.569","","64.3"
"","1","105 (14.7)","2 (25.0)","1 (11.1)","5 (9.1)","0 (0.0)","11 (20.8)","86 (14.7)","","",""
"diabetes (%)","0","1170 (58.6)","7 (63.6)","20 (58.8)","96 (54.9)","3 (100.0)","53 (53.0)","991 (59.2)","0.439","","0.2"
"","1","826 (41.4)","4 (36.4)","14 (41.2)","79 (45.1)","0 (0.0)","47 (47.0)","682 (40.8)","","",""
"cad (%)","0","1602 (80.2)","11 (91.7)","26 (76.5)","141 (80.1)","3 (100.0)","87 (87.0)","1334 (79.7)","0.396","","0.1"
"","1","396 (19.8)","1 (8.3)","8 (23.5)","35 (19.9)","0 (0.0)","13 (13.0)","339 (20.3)","","",""
"ckd (%)","0","1383 (69.4)","10 (83.3)","27 (79.4)","114 (64.8)","3 (100.0)","74 (74.7)","1155 (69.2)","0.209","","0.3"
"","1","610 (30.6)","2 (16.7)","7 (20.6)","62 (35.2)","0 (0.0)","25 (25.3)","514 (30.8)","","",""
"htn (%)","0","837 (41.9)","8 (66.7)","17 (50.0)","53 (30.1)","2 (66.7)","52 (52.0)","705 (42.1)","0.002","","0.1"
"","1","1161 (58.1)","4 (33.3)","17 (50.0)","123 (69.9)","1 (33.3)","48 (48.0)","968 (57.9)","","",""
"etiology_cirrhosis (%)","Alcohol","776 (38.8)","6 (50.0)","11 (32.4)","65 (36.9)","2 (66.7)","34 (34.0)","658 (39.3)","<0.001","","0.0"
"","HCV","227 (11.4)","2 (16.7)","0 (0.0)","51 (29.0)","0 (0.0)","13 (13.0)","161 (9.6)","","",""
"","Multifactorial","183 (9.2)","1 (8.3)","3 (8.8)","21 (11.9)","1 (33.3)","9 (9.0)","148 (8.8)","","",""
"","NASH","437 (21.9)","2 (16.7)","3 (8.8)","10 (5.7)","0 (0.0)","17 (17.0)","405 (24.2)","","",""
"","Other","376 (18.8)","1 (8.3)","17 (50.0)","29 (16.5)","0 (0.0)","27 (27.0)","302 (18.0)","","",""
"ascites_admission (%)","0","445 (22.3)","1 (8.3)","6 (17.6)","54 (30.7)","1 (33.3)","11 (11.1)","372 (22.2)","0.006","","0.1"
"","1","1553 (77.7)","11 (91.7)","28 (82.4)","122 (69.3)","2 (66.7)","88 (88.9)","1302 (77.8)","","",""
"encephalopathy_admission (%)","0","832 (41.7)","2 (16.7)","14 (41.2)","71 (40.3)","1 (33.3)","37 (37.0)","707 (42.3)","0.485","","0.1"
"","1","1165 (58.3)","10 (83.3)","20 (58.8)","105 (59.7)","2 (66.7)","63 (63.0)","965 (57.7)","","",""
"gi_bleed_admission (%)","0","1307 (65.4)","8 (66.7)","19 (55.9)","104 (59.1)","1 (33.3)","64 (64.0)","1111 (66.4)","0.242","","0.1"
"","1","690 (34.6)","4 (33.3)","15 (44.1)","72 (40.9)","2 (66.7)","36 (36.0)","561 (33.6)","","",""
"peritonitis_admission (%)","0","1715 (86.0)","10 (83.3)","27 (79.4)","155 (88.1)","2 (66.7)","84 (84.0)","1437 (86.0)","0.672","","0.2"
"","1","280 (14.0)","2 (16.7)","7 (20.6)","21 (11.9)","1 (33.3)","16 (16.0)","233 (14.0)","","",""
"hcc_admission (%)","0","1769 (88.5)","9 (75.0)","30 (88.2)","150 (85.2)","3 (100.0)","83 (83.0)","1494 (89.3)","0.134","","0.1"
"","1","229 (11.5)","3 (25.0)","4 (11.8)","26 (14.8)","0 (0.0)","17 (17.0)","179 (10.7)","","",""
"tips_admission (%)","0","1835 (91.9)","12 (100.0)","31 (91.2)","170 (96.6)","3 (100.0)","93 (93.0)","1526 (91.3)","0.187","","0.2"
"","1","161 (8.1)","0 (0.0)","3 (8.8)","6 (3.4)","0 (0.0)","7 (7.0)","145 (8.7)","","",""
"lvp_admission (%)","0","1345 (67.4)","4 (33.3)","26 (76.5)","122 (69.3)","2 (66.7)","64 (64.0)","1127 (67.5)","0.134","","0.2"
"","1","650 (32.6)","8 (66.7)","8 (23.5)","54 (30.7)","1 (33.3)","36 (36.0)","543 (32.5)","","",""
"alcoholic_hepatitis_admission (%)","0","1716 (85.9)","12 (100.0)","31 (91.2)","152 (86.4)","2 (66.7)","87 (87.0)","1432 (85.6)","0.560","","0.1"
"","1","282 (14.1)","0 (0.0)","3 (8.8)","24 (13.6)","1 (33.3)","13 (13.0)","241 (14.4)","","",""
"na_admit (median [IQR])","","135.00 [130.00, 138.00]","129.50 [128.75, 138.50]","134.50 [132.00, 139.75]","135.00 [132.00, 139.00]","134.00 [124.50, 137.00]","134.00 [130.00, 138.00]","134.00 [130.00, 138.00]","0.123","nonnorm","0.0"
"k_admit (median [IQR])","","4.40 [3.80, 5.00]","4.60 [3.98, 4.93]","4.55 [3.90, 5.57]","4.30 [3.70, 5.10]","4.20 [3.75, 5.60]","4.50 [4.07, 5.10]","4.40 [3.80, 5.00]","0.517","nonnorm","0.4"
"cl_admit (median [IQR])","","100.00 [95.00, 105.00]","101.50 [101.00, 105.00]","100.50 [98.25, 105.00]","101.00 [96.00, 106.00]","101.00 [97.50, 103.00]","100.00 [95.00, 104.00]","100.00 [94.00, 105.00]","0.030","nonnorm","0.0"
"co2_admit (median [IQR])","","21.00 [18.00, 24.00]","16.50 [14.50, 18.75]","19.50 [18.00, 21.75]","20.00 [18.00, 23.00]","9.00 [8.00, 13.50]","21.00 [18.00, 24.00]","21.00 [18.00, 24.00]","0.005","nonnorm","0.1"
"bun_admit (median [IQR])","","38.00 [24.00, 56.00]","31.00 [20.50, 52.50]","27.50 [21.50, 54.00]","36.00 [20.00, 53.25]","68.00 [45.00, 68.50]","40.00 [22.50, 54.25]","39.00 [25.00, 56.00]","0.192","nonnorm","0.0"
"creatinine_admission (median [IQR])","","1.94 [1.50, 2.80]","2.25 [1.36, 3.26]","1.93 [1.59, 2.36]","2.00 [1.62, 2.92]","1.96 [1.77, 3.40]","1.92 [1.31, 2.74]","1.94 [1.50, 2.79]","0.593","nonnorm","0.0"
"urine_creatinine (median [IQR])","","108.00 [68.27, 156.00]","113.00 [99.00, 145.00]","76.00 [57.00, 112.00]","130.40 [77.70, 186.00]","197.00 [197.00, 197.00]","90.00 [66.25, 122.95]","107.00 [67.00, 154.80]","0.004","nonnorm","37.4"
"ca_admit (median [IQR])","","8.70 [8.20, 9.20]","8.70 [8.17, 8.83]","8.85 [8.40, 9.17]","8.80 [8.10, 9.30]","7.80 [7.80, 9.35]","8.50 [8.00, 9.05]","8.70 [8.20, 9.10]","0.415","nonnorm","0.4"
"mg_admit (median [IQR])","","2.00 [1.70, 2.30]","2.10 [1.78, 2.20]","2.00 [1.80, 2.40]","1.90 [1.70, 2.20]","2.50 [2.05, 2.55]","2.10 [1.70, 2.38]","2.00 [1.70, 2.30]","0.440","nonnorm","24.4"
"phos_admit (median [IQR])","","3.90 [3.10, 4.80]","3.20 [3.20, 3.95]","4.40 [3.20, 4.90]","3.80 [2.90, 4.80]","5.50 [5.50, 6.00]","3.80 [3.00, 4.80]","3.90 [3.20, 4.80]","0.145","nonnorm","32.7"
"peak_creatinine (median [IQR])","","2.54 [1.93, 3.63]","3.38 [1.88, 3.82]","2.42 [1.92, 3.78]","2.85 [2.10, 4.02]","3.21 [2.46, 4.03]","2.43 [1.90, 3.42]","2.52 [1.92, 3.57]","0.197","nonnorm","0.5"
"alt_admit (median [IQR])","","31.00 [20.00, 53.00]","27.50 [23.75, 34.25]","32.50 [24.25, 80.25]","31.00 [20.00, 60.25]","53.00 [47.50, 91.50]","31.00 [19.75, 53.00]","31.00 [19.00, 53.00]","0.366","nonnorm","1.1"
"alkphos_admit (median [IQR])","","133.50 [94.00, 196.00]","115.00 [94.75, 138.25]","126.00 [92.50, 165.25]","132.50 [92.75, 201.00]","132.00 [123.00, 194.00]","143.50 [101.00, 216.25]","133.00 [94.00, 194.00]","0.327","nonnorm","1.1"
"tb_admit (median [IQR])","","2.50 [1.10, 6.70]","2.50 [1.23, 5.18]","2.15 [1.60, 6.68]","2.25 [1.10, 6.10]","4.20 [3.60, 19.50]","3.60 [1.67, 8.48]","2.50 [1.10, 6.70]","0.158","nonnorm","1.5"
"alb_admit (median [IQR])","","2.90 [2.50, 3.40]","3.25 [2.77, 3.73]","2.95 [2.65, 3.68]","2.80 [2.30, 3.40]","2.50 [2.05, 2.55]","2.80 [2.38, 3.42]","2.90 [2.50, 3.40]","0.093","nonnorm","1.2"
"nh3_admit (median [IQR])","","59.00 [37.00, 95.25]","69.00 [39.00, 190.00]","54.00 [32.00, 120.00]","58.00 [41.00, 107.00]","90.00 [61.50, 91.00]","63.00 [34.00, 112.00]","59.00 [37.00, 94.00]","0.784","nonnorm","50.4"
"inr_admit (median [IQR])","","1.60 [1.30, 2.10]","1.60 [1.40, 1.90]","1.50 [1.30, 2.10]","1.60 [1.20, 2.10]","2.90 [2.26, 3.00]","1.70 [1.30, 2.10]","1.60 [1.30, 2.10]","0.464","nonnorm","2.0"
"wbc_admit (median [IQR])","","8.50 [6.00, 12.90]","6.60 [5.33, 8.77]","9.87 [6.05, 12.73]","7.90 [5.68, 11.64]","17.50 [15.40, 35.45]","7.21 [4.94, 10.83]","8.78 [6.10, 13.01]","0.001","nonnorm","0.0"
"hct_admit (median [IQR])","","29.70 [25.00, 34.90]","24.20 [22.15, 27.63]","29.75 [24.83, 35.45]","29.00 [24.17, 35.82]","33.00 [22.55, 33.90]","29.90 [24.17, 32.52]","29.80 [25.20, 34.90]","0.233","nonnorm","0.0"
"plt_admit (median [IQR])","","114.00 [73.00, 172.00]","90.50 [58.75, 108.00]","100.00 [68.50, 149.25]","125.50 [76.00, 180.75]","72.00 [67.50, 112.50]","93.00 [64.50, 155.25]","114.00 [74.00, 173.00]","0.068","nonnorm","0.1"
"urine_sodium (median [IQR])","","20.00 [16.00, 44.00]","20.00 [10.00, 32.00]","25.00 [20.00, 38.00]","26.00 [20.00, 49.50]","12.50 [8.75, 16.25]","21.00 [20.00, 49.00]","20.00 [15.00, 43.50]","0.043","nonnorm","36.7"
"fena (median [IQR])","","0.36 [0.17, 1.00]","0.17 [0.14, 0.40]","0.56 [0.31, 1.18]","0.37 [0.16, 1.17]","0.04 [0.04, 0.04]","0.37 [0.19, 0.93]","0.35 [0.16, 0.98]","0.197","nonnorm","44.5"
"he_grade_admission (%)","1","1164 (59.9)","3 (25.0)","17 (50.0)","89 (52.0)","0 (0.0)","65 (65.7)","990 (61.0)","<0.001","","2.9"
"","2","297 (15.3)","1 (8.3)","5 (14.7)","31 (18.1)","2 (66.7)","13 (13.1)","245 (15.1)","","",""
"","3","234 (12.0)","6 (50.0)","3 (8.8)","21 (12.3)","0 (0.0)","9 (9.1)","195 (12.0)","","",""
"","4","186 (9.6)","0 (0.0)","5 (14.7)","23 (13.5)","1 (33.3)","9 (9.1)","148 (9.1)","","",""
"","5","61 (3.1)","2 (16.7)","4 (11.8)","7 (4.1)","0 (0.0)","3 (3.0)","45 (2.8)","","",""
"sbp_admission (median [IQR])","","99.00 [87.00, 111.00]","97.00 [86.00, 108.25]","98.00 [84.00, 106.00]","102.00 [90.00, 118.00]","90.00 [88.50, 92.50]","97.00 [86.75, 110.25]","98.00 [87.00, 111.00]","0.073","nonnorm","0.0"
"dbp_admission (median [IQR])","","53.00 [46.00, 61.00]","51.00 [44.00, 55.00]","52.50 [51.00, 59.75]","57.50 [50.75, 67.25]","50.00 [38.00, 52.00]","53.00 [46.75, 59.25]","53.00 [46.00, 60.00]","<0.001","nonnorm","0.0"
"rrt (%)","0","1644 (82.4)","8 (66.7)","25 (73.5)","144 (81.8)","1 (33.3)","67 (67.0)","1399 (83.8)","<0.001","","0.2"
"","1","351 (17.6)","4 (33.3)","9 (26.5)","32 (18.2)","2 (66.7)","33 (33.0)","271 (16.2)","","",""
"rrt_hemodialysis (%)","0","351 (68.6)","2 (50.0)","5 (55.6)","34 (77.3)","2 (100.0)","17 (48.6)","291 (69.6)","0.062","","74.4"
"","1","161 (31.4)","2 (50.0)","4 (44.4)","10 (22.7)","0 (0.0)","18 (51.4)","127 (30.4)","","",""
"initial_rrt (%)","1","104 (29.8)","1 (25.0)","3 (33.3)","7 (22.6)","0 (0.0)","5 (15.2)","88 (32.5)","0.347","","82.5"
"","2","245 (70.2)","3 (75.0)","6 (66.7)","24 (77.4)","1 (100.0)","28 (84.8)","183 (67.5)","","",""
"icu_admission (%)","0","1075 (53.8)","5 (41.7)","16 (47.1)","101 (57.4)","0 (0.0)","52 (52.0)","901 (53.9)","0.319","","0.1"
"","1","922 (46.2)","7 (58.3)","18 (52.9)","75 (42.6)","3 (100.0)","48 (48.0)","771 (46.1)","","",""
"hrs_vasoconstrictor (%)","0","1248 (62.5)","3 (25.0)","22 (64.7)","122 (69.3)","2 (66.7)","60 (60.0)","1039 (62.1)","0.049","","0.1"
"","1","749 (37.5)","9 (75.0)","12 (35.3)","54 (30.7)","1 (33.3)","40 (40.0)","633 (37.9)","","",""
"pressor (%)","0","1409 (70.6)","9 (75.0)","23 (67.6)","125 (71.0)","0 (0.0)","64 (64.0)","1188 (71.1)","0.083","","0.1"
"","1","588 (29.4)","3 (25.0)","11 (32.4)","51 (29.0)","3 (100.0)","36 (36.0)","484 (28.9)","","",""
"intubated (%)","0","1470 (73.6)","9 (75.0)","23 (67.6)","131 (74.4)","1 (33.3)","75 (75.8)","1231 (73.6)","0.633","","0.1"
"","1","527 (26.4)","3 (25.0)","11 (32.4)","45 (25.6)","2 (66.7)","24 (24.2)","442 (26.4)","","",""
"respiratory_failure (%)","1","433 (21.8)","4 (33.3)","9 (26.5)","38 (21.6)","2 (66.7)","21 (21.0)","359 (21.6)","0.136","","0.8"
"","2","80 (4.0)","0 (0.0)","0 (0.0)","9 (5.1)","0 (0.0)","4 (4.0)","67 (4.0)","","",""
"","3","281 (14.2)","2 (16.7)","6 (17.6)","22 (12.5)","1 (33.3)","8 (8.0)","242 (14.6)","","",""
"","4","315 (15.9)","2 (16.7)","3 (8.8)","43 (24.4)","0 (0.0)","14 (14.0)","253 (15.3)","","",""
"","5","875 (44.1)","4 (33.3)","16 (47.1)","64 (36.4)","0 (0.0)","53 (53.0)","738 (44.5)","","",""
"liver_transplant_listed (%)","0","1687 (84.5)","8 (66.7)","24 (70.6)","161 (91.5)","2 (66.7)","81 (81.0)","1411 (84.4)","0.006","","0.1"
"","1","310 (15.5)","4 (33.3)","10 (29.4)","15 (8.5)","1 (33.3)","19 (19.0)","261 (15.6)","","",""
"liver_transplant (%)","0","456 (73.7)","7 (100.0)","2 (18.2)","44 (86.3)","2 (100.0)","36 (75.0)","365 (73.0)","<0.001","","69.0"
"","1","163 (26.3)","0 (0.0)","9 (81.8)","7 (13.7)","0 (0.0)","12 (25.0)","135 (27.0)","","",""
"kidney_transplant (%)","0","1971 (98.6)","12 (100.0)","31 (91.2)","172 (97.7)","3 (100.0)","98 (98.0)","1655 (98.9)","0.022","exact","0.1"
"","1","27 (1.4)","0 (0.0)","3 (8.8)","4 (2.3)","0 (0.0)","2 (2.0)","18 (1.1)","","",""
"palliative_care (%)","0","1567 (78.5)","10 (83.3)","29 (85.3)","134 (76.6)","2 (66.7)","85 (85.9)","1307 (78.1)","0.406","","0.1"
"","1","430 (21.5)","2 (16.7)","5 (14.7)","41 (23.4)","1 (33.3)","14 (14.1)","367 (21.9)","","",""
"discharge_disposition (%)","1","367 (18.4)","2 (16.7)","7 (20.6)","40 (22.9)","2 (66.7)","23 (23.0)","293 (17.6)","0.146","","0.3"
"","2","1044 (52.4)","7 (58.3)","21 (61.8)","85 (48.6)","0 (0.0)","57 (57.0)","874 (52.4)","","",""
"","3","331 (16.6)","1 (8.3)","4 (11.8)","25 (14.3)","0 (0.0)","15 (15.0)","286 (17.1)","","",""
"","4","251 (12.6)","2 (16.7)","2 (5.9)","25 (14.3)","1 (33.3)","5 (5.0)","216 (12.9)","","",""
"code_status (%)","1","1279 (64.2)","8 (66.7)","25 (73.5)","111 (63.1)","0 (0.0)","65 (65.0)","1070 (64.2)","0.443","","0.4"
"","2","410 (20.6)","3 (25.0)","6 (17.6)","35 (19.9)","2 (66.7)","24 (24.0)","340 (20.4)","","",""
"","3","303 (15.2)","1 (8.3)","3 (8.8)","30 (17.0)","1 (33.3)","11 (11.0)","257 (15.4)","","",""
"Akin (%)","1","684 (34.5)","3 (27.3)","10 (29.4)","55 (31.2)","0 (0.0)","27 (27.3)","589 (35.4)","0.542","","0.7"
"","2","464 (23.4)","2 (18.2)","7 (20.6)","39 (22.2)","1 (33.3)","22 (22.2)","393 (23.6)","","",""
"","3","837 (42.2)","6 (54.5)","17 (50.0)","82 (46.6)","2 (66.7)","50 (50.5)","680 (40.9)","","",""
"final_type_of_aki (%)","1","895 (44.8)","4 (33.3)","14 (41.2)","75 (42.6)","1 (33.3)","41 (41.0)","760 (45.4)","0.452","","0.0"
"","2","244 (12.2)","1 (8.3)","2 (5.9)","15 (8.5)","0 (0.0)","14 (14.0)","212 (12.7)","","",""
"","3","600 (30.0)","4 (33.3)","13 (38.2)","61 (34.7)","1 (33.3)","28 (28.0)","493 (29.5)","","",""
"","4","117 (5.9)","1 (8.3)","2 (5.9)","13 (7.4)","1 (33.3)","4 (4.0)","96 (5.7)","","",""
"","5","143 (7.2)","2 (16.7)","3 (8.8)","12 (6.8)","0 (0.0)","13 (13.0)","113 (6.8)","","",""
"MELD_baseline (median [IQR])","","22.00 [16.00, 29.00]","22.00 [19.25, 25.50]","21.50 [17.00, 30.75]","22.00 [17.00, 28.00]","36.00 [29.00, 37.00]","23.00 [17.00, 31.00]","22.00 [16.00, 29.00]","0.597","nonnorm","3.0"
"MELD_Na_baseline (median [IQR])","","25.00 [19.00, 31.00]","27.50 [20.75, 30.25]","24.50 [20.00, 31.00]","25.00 [20.00, 30.00]","37.00 [29.50, 38.00]","26.00 [20.00, 33.00]","25.00 [19.00, 31.00]","0.687","nonnorm","3.0"
"site (%)","baylor","215 (10.8)","2 (16.7)","3 (8.8)","28 (15.9)","0 (0.0)","9 (9.0)","173 (10.3)","<0.001","","0.0"
"","indiana","213 (10.7)","0 (0.0)","3 (8.8)","10 (5.7)","0 (0.0)","0 (0.0)","200 (11.9)","","",""
"","jacksonville","109 (5.5)","0 (0.0)","3 (8.8)","8 (4.5)","0 (0.0)","0 (0.0)","98 (5.9)","","",""
"","kentukey","195 (9.8)","0 (0.0)","0 (0.0)","13 (7.4)","0 (0.0)","4 (4.0)","178 (10.6)","","",""
"","MCW","125 (6.3)","5 (41.7)","2 (5.9)","25 (14.2)","1 (33.3)","9 (9.0)","83 (5.0)","","",""
"","mgh","370 (18.5)","0 (0.0)","7 (20.6)","32 (18.2)","0 (0.0)","21 (21.0)","310 (18.5)","","",""
"","michigan","161 (8.1)","1 (8.3)","0 (0.0)","12 (6.8)","0 (0.0)","3 (3.0)","145 (8.7)","","",""
"","oschner","110 (5.5)","0 (0.0)","1 (2.9)","21 (11.9)","0 (0.0)","4 (4.0)","84 (5.0)","","",""
"","rochester","252 (12.6)","4 (33.3)","9 (26.5)","2 (1.1)","1 (33.3)","6 (6.0)","230 (13.7)","","",""
"","usc","65 (3.3)","0 (0.0)","3 (8.8)","2 (1.1)","0 (0.0)","32 (32.0)","28 (1.7)","","",""
"","yale","184 (9.2)","0 (0.0)","3 (8.8)","23 (13.1)","1 (33.3)","12 (12.0)","145 (8.7)","","",""
"AKI_responders (%)","complete response","840 (42.3)","2 (18.2)","14 (41.2)","68 (38.6)","0 (0.0)","30 (30.3)","726 (43.7)","0.080","","0.7"
"","no response","852 (42.9)","6 (54.5)","15 (44.1)","85 (48.3)","3 (100.0)","53 (53.5)","690 (41.5)","","",""
"","partial response","293 (14.8)","3 (27.3)","5 (14.7)","23 (13.1)","0 (0.0)","16 (16.2)","246 (14.8)","","",""
"clif_score (median [IQR])","","9.00 [8.00, 11.00]","9.00 [8.75, 10.25]","9.50 [8.00, 12.75]","9.00 [8.00, 11.00]","13.00 [12.00, 13.50]","9.00 [8.00, 11.25]","9.00 [8.00, 11.00]","0.229","nonnorm","0.0"
"MAP (median [IQR])","","69.00 [60.67, 77.00]","65.50 [59.42, 70.75]","69.33 [62.08, 73.67]","73.00 [66.17, 81.83]","63.33 [54.83, 65.50]","68.67 [59.83, 75.42]","68.67 [60.33, 77.00]","<0.001","nonnorm","0.0"
"CLIF_C_Score (median [IQR])","","48.76 [42.36, 55.39]","44.92 [38.71, 50.40]","50.68 [42.02, 57.97]","47.35 [42.20, 55.00]","64.60 [64.02, 66.28]","46.95 [41.05, 55.14]","48.92 [42.55, 55.36]","0.056","nonnorm","0.0"
"aclf_grade (%)","1","297 (14.9)","0 (0.0)","5 (14.7)","33 (18.8)","0 (0.0)","14 (14.0)","245 (14.6)","0.553","","0.0"
"","2","609 (30.5)","5 (41.7)","10 (29.4)","57 (32.4)","0 (0.0)","34 (34.0)","503 (30.0)","","",""
"","3","1093 (54.7)","7 (58.3)","19 (55.9)","86 (48.9)","3 (100.0)","52 (52.0)","926 (55.3)","","",""
"status_90days (median [IQR])","","0.00 [0.00, 1.00]","0.00 [0.00, 1.00]","0.00 [0.00, 1.00]","0.00 [0.00, 1.00]","1.00 [0.50, 1.00]","0.00 [0.00, 1.00]","0.00 [0.00, 1.00]","0.567","nonnorm","0.0"
"time_90days (median [IQR])","","75.00 [16.00, 90.00]","57.50 [15.00, 90.00]","74.00 [13.25, 90.00]","81.00 [15.00, 90.00]","8.00 [6.50, 49.00]","49.50 [14.00, 90.00]","76.00 [16.00, 90.00]","0.737","nonnorm","0.0"
"Encephalopathy (%)","0","1621 (81.1)","6 (50.0)","29 (85.3)","139 (79.0)","2 (66.7)","82 (82.0)","1363 (81.4)","0.107","","0.0"
"","1","378 (18.9)","6 (50.0)","5 (14.7)","37 (21.0)","1 (33.3)","18 (18.0)","311 (18.6)","","",""
"Alcoholic_hepatitis (%)","0","1935 (96.8)","12 (100.0)","34 (100.0)","170 (96.6)","3 (100.0)","98 (98.0)","1618 (96.7)","0.818","","0.0"
"","1","64 (3.2)","0 (0.0)","0 (0.0)","6 (3.4)","0 (0.0)","2 (2.0)","56 (3.3)","","",""
"HCC (%)","0","1967 (98.4)","12 (100.0)","33 (97.1)","172 (97.7)","3 (100.0)","96 (96.0)","1651 (98.6)","0.178","exact","0.0"
"","1","32 (1.6)","0 (0.0)","1 (2.9)","4 (2.3)","0 (0.0)","4 (4.0)","23 (1.4)","","",""
"New_diagnosis_of_cirrhosis (%)","0","1960 (98.0)","12 (100.0)","32 (94.1)","174 (98.9)","3 (100.0)","96 (96.0)","1643 (98.1)","0.209","exact","0.0"
"","1","39 (2.0)","0 (0.0)","2 (5.9)","2 (1.1)","0 (0.0)","4 (4.0)","31 (1.9)","","",""
"Transplant_evalutation (%)","0","1877 (93.9)","12 (100.0)","32 (94.1)","168 (95.5)","3 (100.0)","79 (79.0)","1583 (94.6)","<0.001","","0.0"
"","1","122 (6.1)","0 (0.0)","2 (5.9)","8 (4.5)","0 (0.0)","21 (21.0)","91 (5.4)","","",""
"SBP (%)","0","1917 (95.9)","11 (91.7)","32 (94.1)","170 (96.6)","3 (100.0)","97 (97.0)","1604 (95.8)","0.913","","0.0"
"","1","82 (4.1)","1 (8.3)","2 (5.9)","6 (3.4)","0 (0.0)","3 (3.0)","70 (4.2)","","",""
"aki_stage_4 (%)","1","684 (34.5)","3 (27.3)","10 (29.4)","55 (31.2)","0 (0.0)","27 (27.3)","589 (35.4)","0.007","","0.7"
"","2","464 (23.4)","2 (18.2)","7 (20.6)","39 (22.2)","1 (33.3)","22 (22.2)","393 (23.6)","","",""
"","3","486 (24.5)","2 (18.2)","8 (23.5)","50 (28.4)","0 (0.0)","17 (17.2)","409 (24.6)","","",""
"","4","351 (17.7)","4 (36.4)","9 (26.5)","32 (18.2)","2 (66.7)","33 (33.3)","271 (16.3)","","",""
"death_in_90days_status (%)","0","1277 (63.9)","8 (66.7)","26 (76.5)","108 (61.4)","1 (33.3)","64 (64.0)","1070 (63.9)","0.539","","0.0"
"","1","722 (36.1)","4 (33.3)","8 (23.5)","68 (38.6)","2 (66.7)","36 (36.0)","604 (36.1)","","",""
"death_in_90days_time (median [IQR])","","90.00 [18.00, 90.00]","62.00 [15.00, 90.00]","90.00 [34.00, 90.00]","90.00 [15.00, 90.00]","8.00 [6.50, 49.00]","88.50 [24.75, 90.00]","90.00 [19.00, 90.00]","0.399","nonnorm","0.0"
"death_in_30days_status (%)","0","1513 (75.7)","10 (83.3)","27 (79.4)","125 (71.0)","1 (33.3)","78 (78.0)","1272 (76.0)","0.305","","0.0"
"","1","486 (24.3)","2 (16.7)","7 (20.6)","51 (29.0)","2 (66.7)","22 (22.0)","402 (24.0)","","",""
"death_in_30days_time (median [IQR])","","30.00 [18.00, 30.00]","30.00 [15.00, 30.00]","30.00 [27.00, 30.00]","30.00 [15.00, 30.00]","8.00 [6.50, 19.00]","30.00 [24.75, 30.00]","30.00 [19.00, 30.00]","0.429","nonnorm","0.0"
"death_in_60days_status (%)","0","1355 (67.8)","9 (75.0)","26 (76.5)","115 (65.3)","1 (33.3)","69 (69.0)","1135 (67.8)","0.602","","0.0"
"","1","644 (32.2)","3 (25.0)","8 (23.5)","61 (34.7)","2 (66.7)","31 (31.0)","539 (32.2)","","",""
"death_in_60days_time (median [IQR])","","60.00 [18.00, 60.00]","49.50 [15.00, 60.00]","60.00 [34.00, 60.00]","60.00 [15.00, 60.00]","8.00 [6.50, 34.00]","60.00 [24.75, 60.00]","60.00 [19.00, 60.00]","0.536","nonnorm","0.0"
"death_discharge (%)","0","1615 (81.2)","10 (83.3)","27 (79.4)","132 (75.4)","1 (33.3)","77 (77.8)","1368 (82.1)","0.076","","0.5"
"","1","375 (18.8)","2 (16.7)","7 (20.6)","43 (24.6)","2 (66.7)","22 (22.2)","299 (17.9)","","",""
"baseline_creatinine (median [IQR])","","1.10 [0.87, 1.37]","1.11 [0.74, 1.88]","1.10 [0.95, 1.31]","1.12 [0.90, 1.40]","0.77 [0.69, 0.79]","1.00 [0.80, 1.20]","1.10 [0.88, 1.38]","0.021","nonnorm","16.5"
"admission_route (%)","1","1506 (75.5)","7 (58.3)","27 (79.4)","151 (86.8)","3 (100.0)","70 (70.0)","1248 (74.6)","0.059","","0.2"
"","2","488 (24.4)","5 (41.7)","7 (20.6)","23 (13.2)","0 (0.0)","30 (30.0)","423 (25.3)","","",""
"","3","2 (0.1)","0 (0.0)","0 (0.0)","0 (0.0)","0 (0.0)","0 (0.0)","2 (0.1)","","",""
"los (median [IQR])","","9.00 [4.00, 16.00]","7.50 [4.00, 16.50]","8.00 [4.00, 16.50]","9.00 [5.00, 15.00]","8.00 [6.50, 10.00]","9.50 [5.00, 19.25]","8.00 [4.00, 16.00]","0.738","nonnorm","0.2"
